|Trump|,|negative|,"|RT @Chris_Dignam: Another #TrumpRally , another senseless assault https://t.co/9Hcdk2sIJ7 #Trump #GOPDebate|"
|Trump|,|neutral|,"|If @CNN asks #Trump abt pledges at rally's, can they also talk about #Obama? #Trump2016 #GOPDebate #CNNDebate #CNN https://t.co/tyw5t2ShZs|"
|Trump|,|positive|,"|RT @immigrant4trump: Luther Campbell on CNN ""Rappers will support Trump.Trump taps into what people won't say aloud""#Trump2016 #GOPDebate h____|"
|Trump|,|positive|,|RT @JoePrich: @MichelleFields  this entire thing was a HOAX designed to put Trump on the defensive before the #GOPdebate|
|Trump|,|negative|,"|Considering how aggressively the GOP has campaigned against Trump, they must not plan on him being the nominee #GOPDebate|"
|Trump|,|negative|,|#GOPDebate Would you move to Canada if Trump became President ? https://t.co/7norhcUUZb https://t.co/qna9LONRSE|
|Trump|,|negative|,"|RT @immigrant4trump: Trump: 'Politicians are all talk, no action'  Look?https://t.co/CnYQ1FC8KF #Trump2016 #GOPDebate #Florida #FLPrimary h____|"
|Trump|,|neutral|,|#gopdebate #Trump #MemeHistory #BrownAndUnbothered #donaldtrump  TheVulgarPuppy @YouTube  https://t.co/GU8IQP1b1A https://t.co/5UaxFpchet|
|Trump|,|negative|,|What will Trump lie about first tonight? #GOPDebate|
|Trump|,|neutral|,|RT @Art05hr3d: https://t.co/x2msN81vwI #OhioPrimary #FloridaPrimary  #Trump2016 #GOPDebate  #MakeAmericaGreatAgain Carpe Diem https://t.co/____|
|Trump|,|negative|,|Trump looking around during the #MomentOfSilence for Nancy Reagan. #GOPDebate|
|Trump|,|positive|,"|RT @immigrant4trump: The American people are DONE with career politicians ""VOTE FOR TRUMP!"" #Trump2016 #VoteTrump #FLPrimary #GOPDebate htt____|"
|Trump|,|positive|,|RT @WesleyRickard: Sue Everhart GOP Chairman Georgia Endorses Donald J Trump for President #NC #FL #OH #MO #IL #DC #GOPDebate  #jpnet https____|
|Trump|,|positive|,|RT @MIAMIforTRUMP: Don't forget! ?????The Media lies!????? #MakeAmericaGreatAgain #Trump2016 #TrumpRally #TrumpTrain #TRUMP #GOPDebate http____|
|Trump|,|positive|,|RT @ladies4trump: #GOPDebate - let's increase the hashtags- and really pull for him tonight! It's our job as #trump troopers to get our mes____|
|Trump|,|negative|,|RT @tgradous: #Trump Has The Lowest Favorability Ratings EVER For a Frontrunner https://t.co/HDXsoYyS5o____ #GOPDebate #NeverTrump https://t.c____|
|Trump|,|negative|,|RT @seccathaholic: The emcee of the #GOPDebate keeps telling the audience to be civilized and respectful. Tell that to Trump|
|Trump|,|negative|,|RT @BlackIrishI: Trump Displays Fake Trump Steaks And Water During Victory Speech https://t.co/FuQhVOaIxY via @totalfratmove / #GOPDebate #____|
|Trump|,|positive|,|@realDonaldTrump  CNN #GOPDebate moments away. Go Trump! TRUMP 2016!|
|Trump|,|positive|,|RT @WayneDupreeShow: Caller 1 from SW Virginia - I am insulted by anti-Trump supporters  Call in ? 202 470 6738  https://t.co/cSgpDM32HO #T____|
|Trump|,|positive|,"|RT @immigrant4trump: MSM always showing Trump Protesters,but won't show protesters for other candidates @jaketapper #Trump2016 #GopDebate h____|"
|Trump|,|negative|,|RT @ACBadBeat: Der Furher #Trump has not yet tweeted today. Maybe he's studying for #GOPDebate at #TrumpUniversity (Idiot!)  #NeverTrump|
|Trump|,|positive|,"|RT @WayneDupreeShow: Caller 5  from NY- I voted for Bill Clinton, now I am switching to Trump   Call in ? 202 470 6738  https://t.co/cSgpDM____|"
|Trump|,|negative|,"|RT @c314smiley: Trump's modeling agency broke immigration laws, attorneys say https://t.co/YqC1MbuYZR via @CNNMoney  #NeverTrump #GOPdebate|"
|Trump|,|negative|,|#GOPDebate Carly is a liar--Trump supporters are not smart.|
|Trump|,|negative|,|RT @JasonBBenham: The saddest part of the #GOPDebate  is that no matter how childish #Trump gets many people are loving every minute of it.|
|Trump|,|neutral|,|CNN:  We're not biased for Trump! But you have to admire____ Not that I like him but____ How dare you say we're perpetuating Trump! #GOPDebate|
|Trump|,|negative|,|RT @KinielCat: Trump cannot stand still during the moment of silence for Nancy Reagan. He may ACTUALLY be a 1st grader. #GOPDebate|
|Trump|,|negative|,|Trump is the kind of guy that would treat his house elf poorly. #GOPDebate|
|Trump|,|positive|,|RT @immigrant4trump: ?Trump = ACCOMPLISHED BUSINESSMAN ?Hillary= ACCOMPLISHED CRIMINAL ?https://t.co/CnYQ1FC8KF ____ #Trump2016 #GopDebate htt____|
|Trump|,|negative|,|If I were funnier I would be Donald Trump. #GOPDebate|
|Trump|,|neutral|,"|#GOPDebate  Totally in heaven with BOTH @secupp  AND @kayleighmcenany  in bright red, sparring brilliantly over Trump's virtues & vices. mm!|"
|Trump|,|negative|,|What's the difference between @realDonaldTrump and Hitler?  We can stop Trump before it is too late. Go out and vote #GOPDebate #vote #trump|
|Trump|,|neutral|,"|All this pre-debate talk about ""Trump Steaks"" really makes me want steak... #GOPDebate #CNNDebate|"
|Trump|,|negative|,|RT @OccupyWallStNYC: All evidence suggests the Trump campaign is lying about manhandling a reporter #GOPDebate https://t.co/sBgmYtKRMg http____|
|Trump|,|positive|,|RT @USAforTrump2016: CNN Republican Debate TONIGHT! 8:30pm! Tune in and support @realDonaldTrump #TrumpTrain #TeamTrump #Trump #GOPDebate #____|
|Trump|,|negative|,|Maybe we will be lucky and Trump will talk about his weiner again tonight. #GOPDebate #CNNDebate|
|Trump|,|neutral|,"|Yup ... CNN just used a @HouseofCards quote ahead of #GOPDebate re: Trump. ""Public opinion doesn't have a law degree.""|"
|Trump|,|positive|,"|Bottom line, Trump won Michigan by over 160K votes! No glory in 2nd or 3rd in a 3 1/2 man race! #GOPdebate  https://t.co/tUpmtUMMx1|"
|Trump|,|negative|,|RT @awzurcher: Who is going to take a metaphorical bat to Trump tonight at the #GOPDebate in Florida? https://t.co/RzhY0LzyiM|
|Trump|,|neutral|,"|All out war tonight on the #GOPDebate.CNN is VERY biased and favors the DNC. Trump will be attacked. No relevant questions, just biased crap|"
|Trump|,|neutral|,|RT @livenewscloud: Who is your choice for President of the United States?  #Election2016 #GOPDebate #Trump #HillaryClinton #FeelTheBern|
|Trump|,|negative|,|OHHHH Anderson....you could broadcast Bernie or Hillary but you don't. You have TRUMP on b/c of the FECES THROWING he provides #GOPDebate|
|Trump|,|neutral|,|RT @scottienhughes: Serious last night but smiling as today is #GOPDebate day Miami! Will #Trump get 2 talk policy? @wolfblitzer @CNN https____|
|Trump|,|negative|,|#Trump is moving like an old man. #GOPDebate|
|Trump|,|negative|,|RT @VickiGP1: ____Malignant And Psychopathic____ Donald Trump? Expert Studies 600 Hours Of #Trump Footage #GOPDebate #FLPrimary   https://t.co/Im____|
|Trump|,|negative|,|RT @Saint_Obama: So in Donald Trump's world it's ok to harass & bruise reporters because you think they are not friendly to your campaign? ____|
|Trump|,|positive|,|RT @ChristiChat: Shame on #MittRomney! His actions made his wife look like an ass  #Trump2016 #GOPDebate #TCOT   https://t.co/KMH8N09MkT|
|Trump|,|neutral|,|RT @darth: candidates all backstage feasting on trump steaks and drinking trump wine rn   #GOPDebate|
|Trump|,|negative|,"|RT @JessicaChasmar: Whether the ""yank"" happened or not, #Trump has condoned violence at his rallies and needs to be confronted on it tonigh____|"
|Trump|,|negative|,|So in Donald Trump's world it's ok to harass & bruise reporters because you think they are not friendly to your campaign? Really? #GOPdebate|
|Trump|,|negative|,|RT @whignewtons: Trump only candidate who doesn't bow his head or close his eyes for moment of silence for Nancy Reagan. #GOPDebate|
|Trump|,|positive|,|Donald Trump will destroy the competition tonight in the #GOPDebate on @CNN . Its obvious that he is the nominee okay @MittRomney|
|Trump|,|positive|,|RT @nepafortrump: @DanScavino @realDonaldTrump GET YOUR TICKETS (VIP Seating SOLD OUT) #GOPDebate #TeamTrumpPA https://t.co/cAjemldxaM http____|
|Trump|,|negative|,|RT @Terrence_CFP: Video: Black Man Punched In Face At #Trump Rally https://t.co/m5txOWWIDr via @thinkprogress #GOPDebate|
|Trump|,|negative|,|#GOPDebate Trump's or Drumph's rallies are getting way to alike with what went on in Nuremberg!|
|Trump|,|neutral|,|Trump is already pissed. #GOPDebate|
|Trump|,|negative|,|What are the odds Trump shows up for tonight's #GOPDebate as a hundred foot hologram on a throne?|
|Trump|,|negative|,"|RT @GottaLaff: #GOPDebate Moment of silence for Nancy Reagan: #Trump kept his eyes open, saw others had theirs closed, closed his, opened t____|"
|Trump|,|positive|,|RT @WayneDupreeShow: Caller 5  from Pittsburgh -Close to 50K have switched to GOP to support Trump  Call in ? 202 470 6738  https://t.co/cS____|
|Trump|,|negative|,"|RT @igorvolsky: Trump vows to repeal Obamacare, which means 129 million Americans with pre-existing conditions could lose their coverage #G____|"
|Trump|,|negative|,"|RT @MissMandi00: Should we take bets on which #Trump shows up tonight? The milder version or the whiney, got his panties in a knot version!____|"
|Trump|,|neutral|,"|RT @mVespa1: So, is anyone going to ask Trump about this tonight? https://t.co/DsS6uQCnAi #tcot #GOPdebate|"
|Trump|,|negative|,|RT @pattonoswalt: Trump does sun salutations before tonight's #GOPDebate. https://t.co/wG7MjJLIel|
|Trump|,|negative|,"|RT @VickiGP1: Donald #Trump broke anti-discrimination laws to keep a mob boss gambling at his casinos, fined #200,000 #GOPDebate  https://t____|"
|Trump|,|positive|,|RT @cheapshot89: Cartoon of the Day 3/4/16: #GOPDebate #Trump2016 #Trump #GOP @realDonaldTrump https://t.co/cOPhHhE9NO|
|Trump|,|negative|,|Trump opened his eyes in the middle of the moment of silence.  REAGAN HATER CONFIRMED.  #GOPDebate|
|Trump|,|negative|,|RT @AllyGeighter: Not watching this one. Can't stand sound of Trump's little voice coming out of that little fish mouth as he waves his tin____|
|Trump|,|positive|,"|RT @immigrant4trump: Florida Vote For Trump ""March 15"" #FLPrimary #FloridaPrimary #Trump2016 #GOPDebate #AlwaysTrump Watch Video: https://t____|"
|Trump|,|positive|,"|So RNC is embracing Trump's inevitability? Priebus stating lets agree whoever the nominee is, we all support him. #GOPDebate|"
|Trump|,|negative|,"|RT @JamesPindell: Just heard @JohnKingCNN say ""enormous steaks."" I guess we are still talking about Trump products #GOPDebate|"
|Trump|,|negative|,|RT @jiadarola: If they want to one up all the dick talk from the last #GOPDebate we're gonna need info on Trump's taint.|
|Trump|,|positive|,|Donald Trump is literally inspiring heavy drug users to get clean #GOPDebate #TrumpTrain  https://t.co/iUrcgq2zkw|
|Trump|,|negative|,|Trump cannot stand still during the moment of silence for Nancy Reagan. He may ACTUALLY be a 1st grader. #GOPDebate|
|Trump|,|positive|,"|Republican debate is NOT ""breaking news,"" CNN. Make Trump news media's president, and then we get who we want. #trdebates #GOPDebate|"
|Trump|,|positive|,|RT @DbSassssa: Donald Trump is unstoppable #VoteTrump #GOPDebate https://t.co/5NOKsVnseR|
|Trump|,|neutral|,"|RT @ameripundit: So, who has the stomach to watch another Trump-bashing cage match tonight? 8:30 EST CNN  #GOPDebate https://t.co/oyxNz4G4Xa|"
|Trump|,|negative|,|RT @AnyoneButDTrump: Trump's strategy for the #GOPDebate tonight: https://t.co/mNAobeY7d9|
|Trump|,|neutral|,|RT @WayneDupreeShow: Caller 24 from ARK  - CAIR news conf today was establishment hit on Trump   Call in ? 202 470 6738  https://t.co/cSgpDM____|
|Trump|,|neutral|,|The Real Donald Trump #GOPDebate #FloridaPrimary #Florida  https://t.co/8h4xI78FYF|
|Trump|,|negative|,|Crazy stupid Racist trump supporters compilation @youTube https://t.co/pOeNeZXW5A @realDonaldTrump Koolaid Drinker #GOPdebate #CNN #MTV|
|Trump|,|positive|,|RT @Trump2016Donald: Trump signs EVERYWHERE in Ohio! #OHPrimary #OhioPrimary #Trump2016 #TrumpTrain #MakeAmericaGreatAgain #GOPDebate https____|
|Trump|,|negative|,|RT @9a1e6c8a99984e2: Not A Single One Of @realDonaldTrump 75 Statements Fact Checked Hey  #Trump Stop Lying Man ! #GOPDebate ? #DemDebate h____|
|Trump|,|neutral|,|Back-to-back Anti-Trump ads? Where was this in 2015? #GOPDebate|
|Trump|,|negative|,"|If Trump is the nominee,  I know a lot of folks , including myself,  that will LEAVE the GOP to become independents!! #GOPDebate|"
|Trump|,|negative|,|RT @jiadarola: So is Donald Trump going to pay for that racist's court costs? #GOPDebate|
|Trump|,|positive|,|RT @WesleyRickard: Representative Jim Carns AL Endorses Donald J Trump for President of the United #FL #GOPDebate #OH #IL #CPAC #ccot https____|
|Trump|,|negative|,|RT @toddstarnes: In fairness Trump may have thought the other candidates were bowing their heads out of reverence to him. #GOPDebate|
|Trump|,|negative|,|RT @NumbersMuncher: Jake Tapper currently explaining the rules of the #GOPDebate as if anyone is going to make sure Donald Trump actually h____|
|Trump|,|positive|,|RT @voteTrumpyes: It's almost Time for the #GOPDebate!! Donald Trump will have a Great Night!! #VoteTrump https://t.co/twBuToDKkO|
|Trump|,|positive|,|GOP chairman takes all the teeth out of any trump criticism before the debate even starts #GOPDebate|
|Trump|,|negative|,|Trump talked about his genitalia in the last #GOPDebate. I wonder what's gonna happen tonight|
|Trump|,|neutral|,|Watching tonight's #GOPDebate? Hear what Trump's AZ campaign chairman said about ISIS/U.S.-Mexico border...  https://t.co/NZbROjqN5C #abc15|
|Trump|,|negative|,|Trump should be asked if he will fire his campaign manager in the #GOPDebate|
|Trump|,|negative|,"|The Buck Stops . . . Over There. Like Obama, Trump Always Blames Others. https://t.co/7FPYw9PVtM #gopdebate|"
|Trump|,|negative|,|RT @WomanVote: #GOPDebate @thehill #Trump has a pattern of HATE! #GOP #No2KKK #FireWallHate #USlatino #BlackVote #Youth Response -> https:/____|
|Trump|,|negative|,|I will not support Donald Trump. Sorry not sorry @Reince #GOPDebate|
|Trump|,|negative|,|How many times will TRUMP TALK ABOUT HIS DICK SIZE????  #GOPDebate|
|Trump|,|negative|,"|RT @eScarry: Anderson Cooper says there are ""Enormous steaks"" tonight, presumably referring to Trump Steaks. #GOPDebate|"
|Trump|,|positive|,"|RT @Veteran4Trump: Herschel Walker - Shut Up to @MittRomney ... You're a Loser!  ""Trump will save America"" https://t.co/z2l0QNxhBw #AlwaysT____|"
|Trump|,|positive|,|@realDonaldTrump STRATEGY 4 2Nites debate: BE VERY PRESIDENTIAL&DEBATE ON ISSUES! Don't stoop to their level or take bait. #TRUMP #GOPDEBATE|
|Trump|,|negative|,"|RT @pattonoswalt: Six minutes. Six minutes. Six minutes, Douch-ey Trump, you're on. #GOPDebate|"
|Trump|,|negative|,|RT @tgradous: Donald Trump Stiffed Casio Builders While Spending ?1 Million https://t.co/jKq6e5WJ6f #GOPDebate  #NeverTrump https://t.co/uw____|
|Trump|,|neutral|,|RT @Ward4Anderson: According to a recent report #Republicans contribute to veterans suicides! @SpeakerRyan #Trump #GOPDebate  https://t.co/____|
|Trump|,|positive|,|I don't believe a word #Reince has to say #Trump has been loyal to his pledge #GOP has betrayed us!#GOPDebate #CNN https://t.co/4T6wYTKae4|
|Trump|,|positive|,"|RT @RedheadAndRight: Trump must be thinking, not another meaningless, biased debate. Mr. Trump, we feel for you. #GOPDebate @realDonaldTrump|"
|Trump|,|negative|,|RT @KyleKulinski: The comically ignorant Trump supporter who called the KKK a 'leftist terrorist organization' is still on CNN. #GOPDebate|
|Trump|,|negative|,|It's hard to talk to Trump on the issues #CNN... He doesn't have any substantial ones. #GOPDebate|
|Cruz|,|positive|,|RT @peddoc63: Jeb Bush was a good governor. I hope he endorses Cruz. Everyone should support Cruz. He's a fighter & winner! #GOPDebate #Flo____|
|Cruz|,|positive|,|RT @Chamberlain1973: Bush Family Member Endorses #TedCruz! #FLPrimary #ILPrimary #MOPrimary #NCPrimary #OHPrimary #GOPDebate #VOAV https://____|
|Cruz|,|negative|,|RT @ameripundit: POLL: Will Ted Cruz have another 'booger' in his nose during tonight's CNN-hosted #GOPDebate?|
|Cruz|,|positive|,|RT @Chamberlain1973: Bush Family Member Endorses #TedCruz! #FLPrimary #ILPrimary #MOPrimary #NCPrimary #OHPrimary #GOPDebate #VOAV  https:/____|
|Cruz|,|negative|,|RT @Notnow71: Even though Cruz looks & sounds like Jim Jones nobody drinks his kool aid except for the zealots #GOPDebate  https://t.co/flr____|
|Cruz|,|positive|,|My Friends we have a choice! Democrats favorite deal maker or Ted Cruz! #ChooseCruz #CruzCrew #Pjnet #GOPDebate https://t.co/zPgA1X7ko1|
|Cruz|,|negative|,|#Disturbing!!!! Watch Ted Cruz coach his family through a campaign ad shoot. #CruzCrew #TedCruz #GOPDebate https://t.co/MJHmfDgudG|
|Cruz|,|negative|,|RT @ImAmandaNelson: Hi Mr. Cruz when you're elected are the Handmaids going to be required to wear red because that clashes with my complex____|
|Cruz|,|positive|,|RT @DarleneHBrook: New Gallup Poll Shows #TedCruz W/ Highest #GOP Favorable Rating https://t.co/XLqNl9kP9L #GOPDebate #1A #2A #CruzCrew htt____|
|Cruz|,|positive|,|RT @Dannerism: TONIGHT: Cruz missile vs Bronx cheerleader #GOPDebate .@qnoftherealm @zoumrouda @tracieeeeee @RedNationRising @RNRTexas @ate____|
|Cruz|,|positive|,"|RT @TFinn82: Thing with watching Cruz debate, I never worry that he'll say something stupid. :) #GOPDebate|"
|Cruz|,|negative|,"|RT @NARAL: Ted Cruz has touted his commitment to the Constitution, but wants to deny women their constitutional right to an abortion. #GOPD____|"
|Cruz|,|positive|,|RT @Elisabeth242: Looks like Ted Cruz Is BEST!! #GOPDebate https://t.co/zBWqGsJIKR|
|Cruz|,|negative|,|RT @TheDailyEdge: Ted Cruz: I will defend your rights to discriminate against gays. Gays are the real terrorists #GOPDebate https://t.co/di____|
|Cruz|,|negative|,|Why no Canadian national anthem for Ted Cruz tho? ???????? #GOPDebate|
|Cruz|,|neutral|,|RT @ReutersLive: LIVE: Ted Cruz campaigns in Miami ahead of #GOPDebate. https://t.co/CCjw12RrUm https://t.co/zAJjgPe0zG|
|Cruz|,|negative|,|#GOPDebate Cruz said everything but the 47%|
|Cruz|,|positive|,"|RT @weeklystandard: .@tedcruz says Americans ""are interested in solutions, not slogans."" https://t.co/bWrSUaTm9q #gopdebate https://t.co/SU____|"
|Cruz|,|positive|,|RT @peddoc63: My Friends we have a choice! Democrats favorite deal maker or Ted Cruz! #ChooseCruz #CruzCrew #Pjnet #GOPDebate https://t.co/____|
|Cruz|,|neutral|,|#GOPDebate Forina pushing the VAT pushing Cruz. Both a corporation wrecker. Look at that Face. Follow her over a cliff at your own risk|
|Cruz|,|negative|,|RT @Liampcahill: When I hear Ted Cruz talk #GOPDebate https://t.co/z87Hw7eb4L|
|Cruz|,|negative|,|RT @N1K0LAK1: #Disturbing!!!! Watch Ted Cruz coach his family through a campaign ad shoot. #CruzCrew #TedCruz #GOPDebate https://t.co/MJHmf____|
|Kasich|,|positive|,|This show of patriotism opening the #gopdebate seems weird considering these candidates (except maybe Kasich)|
|Kasich|,|positive|,|RT @JohnKasich: There's no substitute for nat'l security experience in a Commander-in-Chief. Gov Kasich has 18 yrs of it. #GOPDebate https:____|
|Kasich|,|negative|,|RT @NBCNews: The Lid: Can @JohnKasich handle the heat at tonight's #GOPDebate?https://t.co/1JJgdmguwP https://t.co/F3yVtHqmOL|
|Kasich|,|negative|,|Kasich's heart is dropping a little low ? #GOPDebate|
|Kasich|,|positive|,|Kasich has a good chance to secure the nomination tonight. #GOPDebate|
|Kasich|,|neutral|,|Kasich got a hair cut. #GOPDebate|
|Kasich|,|neutral|,|RT @KyleKulinski: Without Anderson Cooper hosting how will I know which Pokemon is Kasich's favorite? #GOPDebate|
|Kasich|,|neutral|,|RT @bpolitics: Here's a closer look at John Kasich's resume https://t.co/U9BjXk71zw #GOPDebate|
|Kasich|,|neutral|,|@KrystalPistolKP maybe #Kasich will become more aggressive tonight  #GOPDebate|
|Kasich|,|positive|,|Is #Kasich going to be designated driver again tonight? #GOPDebate|
|Kasich|,|positive|,|4 reasons Kasich wins the #GOP nomination https://t.co/PezQI7FyOT #GOPDebate|
|Rubio|,|negative|,|RT @MDGallar: Rubio now denies lying to FL voters or supporting amnesty. We have photos of it Li'l Marco.  #GOPdebate #FLprimary https://t.____|
|Rubio|,|negative|,|RT @sueinphilly: This will be the last time we see Rubio at #GOPDebate  Bye #inners|
|Rubio|,|positive|,"|@marcorubio just needs to be Marco Rubio in the debate tonight, be the person everyone knows. ##GOPDebate|"
|Rubio|,|neutral|,"|Just googled Rubio's Bio, if he doesn't win Florida, he will be gone for sure. #GOPDebate|"
|Rubio|,|positive|,"|RT @FiveThirtyEight: It hasn____t done him much good, but Rubio has a clear lead in endorsements. https://t.co/4Xuserzcmv #GOPDebate|"
|Rubio|,|negative|,"|RT @KyleKulinski: Anderson Cooper just said it's ""make or break, do or die"" for Marco Rubio tonight. No, that was like a month ago. Already____|"
|Rubio|,|negative|,|RT @tedbishop38pga: @CNN Marco Rubio only candidate who shook no one's hand. #GOPDebate|
|Rubio|,|negative|,"|Rubio ""I'm really sorry I made the Donald mad -- please forgive me, please, please, please"" #GOPDebate @marcorubio  https://t.co/XaBRkSKKki|"
|Rubio|,|positive|,|The crowd seems to be mildly pro-Rubio #GOPDebate|
|Rubio|,|negative|,|business: RT BloombergTV: How MarcoRubio became Florida____s not-so-favorite son https://t.co/fMEeEaWpdM #GOPdebate https://t.co/PmY6ZqmMze|
|Rubio|,|positive|,|Rubio gets by far the loudest cheer here at the Univ of Miami. Not surprising considering this is his backyard. #GOPdebate|
|Rubio|,|neutral|,"|RT @marcorubio: Get ready Hialeah: come rally w/ me tonight before the next #GOPDebate! Space is limited, RSVP now: https://t.co/FlA1DB4H3S____|"
|Rubio|,|negative|,"|RT @sierraclub: ICYMI: Newsweek -- ""South Florida Is Sinking. Where Is Marco Rubio?"" https://t.co/A2Nq2vRcWr | #GOPDebate | Answer: AWOL|"
|Rubio|,|negative|,"|RT @LawlessPirate: Rubio is like, ""what am I even doing up here?"" #GOPDebate|"
|Rubio|,|positive|,|RT @guypbenson: Rubio crowd in South Florida. #GOPDebate|
|Rubio|,|negative|,"|RT @MDGallar: Rubio's campaign is so impulsive it's hard to describe, but I think this sums up his strategy. #GOPdebate #FLprimary https://____|"
|Rubio|,|negative|,|In tonight's #GOPDebate I look for the following. Rubio's desperate engagement of all three other candidates.... https://t.co/wzbiFqzOJg|
|Rubio|,|neutral|,|We're live today at the University of Miami. Next we talk w/ Rubio supporter @NinoskaPerezC on tonight's #GOPDebate https://t.co/Zkrz5LZnb8|
|Trump|,|positive|,|RT @steph93065: These people are a joke.  Donald Trump is the only authentic candidate ?? #Trump2016 #GOPDebate  @CarmineZozzora|
|Trump|,|negative|,"|Trump fans applaud their hero's ""tough talk"" but get offended when I do same on Twitter. Sad. #NeverTrump #GOPDebate|"
|Trump|,|negative|,|RT @LucyStag: It's genuinely skin-crawling how Trump refuses to say that his supporters shouldn't be violent. #gopdebate|
|Trump|,|negative|,"|RT @TheValuesVoter: @VOICEOFCHID Asking Trump a detailed question is like asking Stevie Wonder ""What color is this dress?"" #GOPDebate https______|"
|Trump|,|negative|,"|RT @KatiePavlich: Palestinian terrorists/Authority celebrated the murder of American Taylor Force in the streets, Trump wants to negotiate ______|"
|Trump|,|negative|,"|RT @thehill: Trump: I use visas that are ""very bad"" for American workers https://t.co/p8wUCnEfm0 #GOPdebate https://t.co/IL2KSc0HVV|"
|Trump|,|neutral|,|Trump is campaigning for his sister for SCOTUS in his closing remarks. #GOPDebate|
|Cruz|,|neutral|,|RT @dawngpsalm63: #CNNDebate #GOPDebate #Cruz #NAU #Florida #Ohio #Primary Watch VIP ?????????????? https://t.co/1JOlEbOl14|
|Trump|,|neutral|,|RT @USATODAY: Trump: We'll build factories here and make our own products. That's the way it should be done. #GOPDebate|
|Cruz|,|negative|,"|RT @HEELZiggler: No matter what points Cruz makes, he just comes off as a hall monitor, who tells the teacher who was bad, while she was ou______|"
|Trump|,|neutral|,"|RT @frogmorton: I'd be OK if Trump outlawed all hooting, and possibly all hollering. #GOPDebate|"
|Cruz|,|neutral|,|RT @mrctv: WATCH: Sen. Ted Cruz calls for ObamaCare repeal in closing statement. #TTT16 GOPDebate https://t.co/loCfR4Ssd4|
|Cruz|,|positive|,"|RT @ChuckNellis: Ted Cruz had an AWESOME factual, policy based #GOPDebate! If you want our next Ronald Reagan LEADER I introduce you to @Te______|"
|Trump|,|negative|,"|RT @stephenfhayes: Trump on Middle East conflict: ""I was the Grand Marshal of the Israeii Day parade, down 5th Avenue."" #embarrassing #GOPd______|"
|Cruz|,|negative|,|RT @_Teufelshunde: Ted Cruz Is Now Auto Recall. Anytime I Hear Or See Him The Immediate Image Is: Sleazy Televangelist #GOPDebate https://t______|
|Trump|,|positive|,|Um..ummm  Attention: @AmbJohnBolton The most Presidential candidate on the #GOPDebate #NeverHillary @gop @nro #trump https://t.co/JVrxKHAuQe|
|Trump|,|positive|,|RT @Veteran4Trump: Trump is the only candidate that remembers! Don't be fooled America. Trump is our last hope for Security #GOPDebate http______|
|Trump|,|neutral|,"|RT @guypbenson: ""I beat Hillary in many of the polls."" - Trump at #GOPDebate  The polls: https://t.co/7sWHYOBtVv|"
|Trump|,|negative|,|RT @JesseKellyDC: If you're watching this debate and think Trump is the best candidate on that stage then you need professional help. #GOPD______|
|Cruz|,|negative|,|RT @My3Alexandra: #GOPDebate Everything Cruz wants to do on day one are impeachable offenses #Pleaseproceed|
|Trump|,|neutral|,"|RT @Ricky_Vaughn99: Okay, so even though @jaketapper tried to stump Trump he was much fairer and more respectable than @megynkelly. #GOPDeb______|"
|Trump|,|positive|,|RT @WesleyRickard: Kid Rock Singer Songwriter Endorses Donald J Trump for President #NC #FL #OH #MO #IL #DC #CA #GOP #FOX #GOPDebate https:______|
|Cruz|,|negative|,|RT @lexi4prez: Cruz going on and on about less government being wonderful and great....until it's about abortion and gay marriage. #GOPDeba______|
|Trump|,|negative|,"|RT @stephenfhayes: Trump, pressed for details on his ""waste, fraud & abuse"" Social Sec dodge, instead lists countries (to waste time), talk______|"
|Trump|,|negative|,|Love how Trump eventually takes talking points from other candidates.  #GOPDebate|
|Trump|,|negative|,"|RT @BigHeadSports: I have to hand it to Trump. For a Democrat, he's not doing terrible at the #GOPDebate|"
|Trump|,|positive|,|RT @JLQ4TRUMP: @CNNPolitics @TheresaMechele of course it's true #GOPDebate #CNNDebate #Trump is the only one who speaks the truth https://t______|
|Trump|,|negative|,"|Great #GOPDebate? No circus of nastiness for ratings. Good questions and answers. #Trump for the first time said, ""The Constitution.""  #TCOT|"
|Trump|,|negative|,"|RT @HavanaTed: With all due respect to Donald Trump, there is no bigger clown in America than @Reince. #GOPDebate|"
|Trump|,|negative|,|RT @MTP: New NBC/WSJ Poll: Trump's favorability rating is among the lowest in the history of pres. candidates. https://t.co/D52C4YUzP4 #GOP______|
|Trump|,|negative|,|RT @imfabulous13: Disney workers endorsed Trump only because they think he is a cartoon character. #GOPDebate #CNNDebate https://t.co/mTkpt______|
|Cruz|,|neutral|,|RT @trendincontent: Cruz: I'm fine with contested convention https://t.co/khnKwgR6eA #GOPDebate https://t.co/uk8rajOn71|
|Trump|,|positive|,|RT @FriendlyJMC: #Trump #GOPDebate The GOP has ONE candidate pulling in new voters that can beat Hillary: https://t.co/Qv34MVBI62|
|Trump|,|positive|,|FL OurPrinciplesPAC anti-Trump ads false-Trump followed law for workers-change the law as he said in #GOPDebate LIES he did NOT pay $1M fine|
|Trump|,|negative|,|RT @Wonkette: How many justices does Trump think are going to die? And which one is he going to have killed? Is it Roberts? We bet it's Rob______|
|Trump|,|negative|,|RT @CNNMoney: The truth behind Donald Trump's 'self funding' https://t.co/rZ3HD8G04b #GOPDebate https://t.co/0AMR28yc9I|
|Trump|,|neutral|,"|Trump: ""It will take centuries to recover"" if a Democratic president appoints the next Supreme Court justices #GOPDebate|"
|Trump|,|negative|,"|RT @ToddHagopian: Could someone PLEASE count how many times #Trump has said ""deal"" in the debate?  This guy knows NOTHING about policy! #GO______|"
|Trump|,|negative|,|RT @hooverwhalen: New to my @Forbes blog: #GOPDebate shows us that #Trump makes for ho-hum television . . .when he stops being #Trump. http______|
|Trump|,|negative|,"|RT @laniar: CNN quotes Trump essentially inciting violence, he blames the protesters. Classy af. #GOPdebate|"
|Cruz|,|negative|,|Cruz attacked Obama for returning Churchill bust to UK when he took office. But it was loaned to Bush. https://t.co/NfNXsGBqtL #GOPDebate|
|Trump|,|negative|,"|Things Donald Trump and Deng Xiaoping would agree on:  -To get rich is glorious. -Tiananmen Square was a ""riot.""  #GOPDebate|"
|Trump|,|positive|,|RT @cnnbrk: Trump: I haven______t even started on Clinton yet. #GOPDebate https://t.co/yjvGhspqVi|
|Trump|,|negative|,|How long does Trump think people live? #GOPDebate #centuries|
|Trump|,|negative|,|.@RealDonaldTrump #Trump2016 The #KingofLosers: #GOPDebate: Another Loser: Trump Payroll Chicago LLC|
|Trump|,|positive|,|RT @TeresaC85469500: #GOPDebate Only Trump has done deals risking his own assets on a World Stage! The rest use Our money without risk! #V______|
|Trump|,|negative|,"|""Do you think it played to your advantage?""  Trump: ""Sure did, I fooled all those fuckers.""  #GOPDebate|"
|Trump|,|negative|,"|RT @JoniBarth1: I am more than a little worried that the ""good deal ""Donald Trump wants from Cuba is a good hotel deal. #NotTrump #GOPDebate|"
|Trump|,|neutral|,"|RT @ArthurSchwartz: Trump: ""The Republican party has a great chance to embrace . . . people that it's never known before.""  Yes, like Dona______|"
|Trump|,|negative|,"|RT @Ryan__Hyman: Here's the problem: Trump WAS civil tonight. He still lacks substance & I worry when his regular, uncivil self will resurf______|"
|Trump|,|negative|,"|RT @MattWalshBlog: Trump is the ""outsider"" candidate who constantly points out how he's exploited the political system his whole life #GOPD______|"
|Trump|,|negative|,|RT @AmandaPresto: Hahahahahah Trump: I'm the most pro-Israel on the stage bc I was in a parade once. #GOPdebate|
|Trump|,|negative|,"|RT @snleanza95: Literally every Trump line: I know how to use the laws to my advantage, because I'm a con-man. #GOPDebate #tccus|"
|Trump|,|positive|,|RT @DonaldTrumpLA: Donald J. Trump called for more respect for American law enforcement. #GOPDebate. He is good for USA https://t.co/cnGxU2______|
|Trump|,|positive|,|RT @Ricky_Vaughn99: TRUMP DOMINATES DRUDGE POLL AFTER MIAMI #GOPDebate https://t.co/uPmwMUwt8z|
|Cruz|,|negative|,"|RT @LindaSuhler: Aw, Ted. Your vindictiveness is NOT playing well tonight. #LyingTed Cruz. (And he gave us his website for $$$)  #GOPDebate______|"
|Trump|,|positive|,"|RT @hectormorenco: Trump coalition is mostly working class Americans. Great to see new life, new ideas, and new voters in GOP. #GOPDebate|"
|Trump|,|negative|,"|RT @rumpfshaker: So, journalists aren't going to ask Trump about one of their own being assaulted? Lame. #GOPDebate #FireCorey|"
|Trump|,|neutral|,|RT @FrankLuntz: Trump's Muslim comments are winning over conservatives but not moderates.  #GOPDebate|
|Trump|,|positive|,|RT @OrigIntent: Poor #Beck. His own poll shows #Trump won #GOPDebate.  @LindaSuhler @Lrihendry @mjgranger1 @TrumpMyPres @slone https://t.co______|
|Cruz|,|negative|,"|RT @misterdish69: #GOPDebate #Dobbs Exactly, Cruz baited him, he showed class. Although he could have mentioned all the ideas were his http______|"
|Trump|,|negative|,"|RT @YourAnonNews: Trump celebrating police brutality, wild applause #GOPDebate|"
|Trump|,|positive|,|RT @K1erry: Trump gives a good closing praising his supporters and how they love their country. Embrace these people! And unify #GOPDebate|
|Trump|,|neutral|,"|RT @pollreport: PRESIDENT Hillary Clinton (D) 51% Donald Trump (R) 38% (NBC/WSJ Poll, RV, 3/3-6) Details & trend: https://t.co/v6fZ17B6VJ #______|"
|Cruz|,|neutral|,"|RT @nypost: Cruz: ""Donald, you are welcome to be president of the Smithsonian...."" #GOPDebate https://t.co/bi25U9Q46b|"
|Trump|,|negative|,|RT @ajplus: #GOPDebate: Trump says most Muslims hate America.  @sbarakat210 says this kind of rhetoric provokes violence: https://t.co/w47______|
|Trump|,|positive|,|Me and arthur are rooting for you @realDonaldTrump @arthurallen34 #trump #election #GOPDebate|
|Trump|,|negative|,"|RT @SteveVaughn: If you don't like Donald Trump's stand on an issue, wait about a half hour. It will change. #CNNDebate #GOPDebate|"
|Cruz|,|negative|,|Ted Cruz was a rabid dog tonight. Not exactly words that anyone would cross over to him for. His insults and lies were desperate. #GOPDebate|
|Trump|,|negative|,|RT @Shooters_Wife: .@glennbeck: Regarding Cuba: There is no principle that Donald Trump isn't willing to violate.  #GOPDebate #CharacterMa______|
|Trump|,|neutral|,"|RT @BigHoner: Trump: we have to knock out ISIS, knock them out fast, then get back home and rebuild our country because it is falling apart______|"
|Cruz|,|negative|,|RT @KLSouth: #Cruz______s lies appear pathological. At #GOPdebate he said he didn______t want a contested convention. Here______s the truth. https://t.co/______|
|Trump|,|negative|,|RT @bi_politics: . @realDonaldTrump addresses his most recent controversy. #GOPDebate https://t.co/mRlVsmte7R https://t.co/E13xuQ6fPe|
|Cruz|,|negative|,"|RT @AdamSmith_USA: Cruz: ""My focus is on single moms.""  *opposes reproductive rights* *opposes maternity care* *opposes raising the minimum______|"
|Cruz|,|neutral|,|RT @resurgent: Cruz: Common Core is a disaster #GOPDebate https://t.co/Mr9GAqFjEf|
|Trump|,|neutral|,|RT @JordanDoww: An important message from Donald Trump #GOPDebate https://t.co/JwOWXkwV0f|
|Trump|,|negative|,"|RT @CatholicDems: Yes, #Trump, the most effective way to combat hate is to perpetuate stereotypes & xenophobia #GOPDebate|"
|Trump|,|neutral|,|The Republican Debate In Miami: A Tame Trump Makes For Lame TV. https://t.co/hxmKh1eRpy #GOPDebate #Scandal https://t.co/pUIHc6D4S1|
|Trump|,|positive|,|RT @MIAMIforTRUMP: Don't forget! ?????The Media lies!????? #MakeAmericaGreatAgain #Trump2016 #TrumpRally #TrumpTrain #TRUMP #GOPDebate http______|
|Cruz|,|positive|,"|RT @ACSpollen: Lol. Cruz just trolled Coulter, and it was beautiful. #GOPDebate|"
|Cruz|,|negative|,|RT @magnifier661: Wow! Look at how many Didn't want #LyingTed Cruz #GOPDebate  https://t.co/GBCw0JxKdq|
|Trump|,|negative|,|RT @ajenable: Trump was wrong about trade! You can't punish Americans by putting a 45% tariff on imports. #NeverTrump #GOPDebate|
|Trump|,|neutral|,|RT @DefendingtheUSA: #GlennBeck must HATE seeing Trump EVEN WINNING his BLAZE poll. VOTE HERE -->https://t.co/vHZOusNhr1 #GOPDebate https:/______|
|Trump|,|negative|,|RT @RadioFreeTom: Trump reassuring our allies that he'll be worse than Obama.  #GOPDebate|
|Trump|,|positive|,|Vote now: Who won the twelfth Republican debate? #GOPDebate https://t.co/bVUkTeh31Y via @TIMEPolitics Trump won again see for yourself|
|Trump|,|neutral|,"|RT @larryelder: ""There's a lot of hatred."" --Donald Trump ""Terrorist Groups Intensify Targeting of Children for Jihad"" https://t.co/GqqGuu______|"
|Cruz|,|positive|,|RT @MattMackowiak: Excellent closing statement from Cruz. #GOPDebate|
|Trump|,|negative|,|https://t.co/brVLp4doP2 VIDEO: After praising 'civility': We all know that Trump was faki... https://t.co/Q17J4tzQS4 https://t.co/brVLp4doP2|
|Trump|,|negative|,"|RT @KenPlume: You can't shame a man with no shame, nor trap an illogical man with logic. You can't talk sane to crazy. Trump is bulletproof______|"
|Cruz|,|positive|,"|Cruz with the slick burrrrrrrn, although why did he pull back from ""son of a billionaire""? #GOPDebate|"
|Trump|,|neutral|,"|RT @FoxNews: Trump: ""We should pay our respects to the police because they are taking tremendous abuse... & they do a phenomenal job."" #GOP______|"
|Trump|,|positive|,"|RT @WDFx2EU: HEY @BreitbartNews, go tell #RobertMercer to fuck himself, from yours truly and the rest of the millions of #Trump supporters ______|"
|Trump|,|negative|,|RT @Politics_PR: Wow Trump's social security plan is just clueless #GOPDebate https://t.co/60nUxMUvLy|
|Trump|,|positive|,"|RT @larryelder: Trump's asked about ""tone"" that's caused violence. Dems aren't asked about their anti-cop rhetoric and anti-cop riots/looti______|"
|Trump|,|neutral|,"|RT @FoxNews: Trump: ""I used to think Merkel was a great leader until she did what she did to Germany. Germany is a disaster right now."" #GO______|"
|Trump|,|negative|,|Trump will be good to American worker #GOPDebate #republican primary voters love reality #i rode a unicorn to fight a dragon|
|Cruz|,|negative|,"|RT @KLSouth: Palin: GOP Majority Voters in Primary are Wayyyyyy Beneath #Cruz, So Says Cruz. https://t.co/Psrma4i9b9 #GOPDebate #CNNDebate ______|"
|Trump|,|positive|,"|RT @FrankLuntz: Donald Trump is having his best #GOPDebate of the season so far.  He______s answering questions directly, calmly, and______ president______|"
|Cruz|,|positive|,|RT @bstein80: Great Cruz point on Israel/Palestinians. Strong. #GOPDebate|
|Trump|,|positive|,"|RT @Veteran4Trump: Donald Trump: If we don't have borders, if we don't have strength, we are not a country."" #GOPDebate #Trump2016 https://______|"
|Trump|,|positive|,|RT @saraelvin: Your attempt to bash #TRUMP failed he wins no matter what! #GOPDebate #tcot #CCOT #AlwaysTrump https://t.co/4vWuQwXL7x|
|Trump|,|positive|,"|Trump's closing argument is all general election, all day. #GOPDebate|"
|Trump|,|positive|,|RT @DaystoTrump: 242 #DaysToTrump : Counting down to the election in November! #Trump2016 #Trump #GOPDebate #MakeAmericaGreatAgain https://______|
|Trump|,|neutral|,|RT @FrankLuntz: An uncharacteristically subdued #GOPDebate audience tonight.  Listen to that quiet after a Donald Trump response to Ted Cru______|
|Trump|,|negative|,"|RT @myfeetonfleek: Grammar Lesson for Donald Trump & the World: It is NEVER ""people that"" People are ""who"". Things/Places/Objects are ""that______|"
|Trump|,|neutral|,"|RT @thehill: Trump: GOP establishment ""should embrace what's happening"" https://t.co/4Eq8DijzPa #GOPdebate https://t.co/34lwgiZW0N|"
|Trump|,|negative|,|RT @GeneralNikkiX: #GOPDebate:  Damn Devils Like Donald Trump Play Super Dumb When They Want To .. While Touting How Smart They Are. https:______|
|Trump|,|negative|,"|RT @BettyBowers: When Trump blows Putin a wet kiss and slams Obama, GOP audience goes wild. You know, because they love America and are pat______|"
|Trump|,|negative|,"|RT @mohammedzismail: Lord. Give. Me. Strength.  A Trump supporter sucker punches a protester. Trump responds ""We have protesters who are b______|"
|Trump|,|negative|,"|RT @ConstitutionCop: Trump just told all of us he's perfectly fine allowing Social Security to bankrupt us. He said it, not me. Talk to him______|"
|Trump|,|neutral|,"|RT @Ted_Newton: Most recently, CNN poll has Clinton defeating Trump 52-44. https://t.co/7majv50t6H #GOPDebate #NeverTrump|"
|Trump|,|neutral|,"|RT @FoxNews: .@krauthammer on Trump's #GOPDebate strategy: ""Be laid back, be presidential...stay in cruise mode, no pun intended"" https://t______|"
|Cruz|,|negative|,|RT @PattonDivision: Scary Heidi #Cruz is an architect of the North American Union. Sachs exec. #GOPDebate #OhioPrimary #FLPrimary https://t______|
|Trump|,|negative|,"|RT @DSMac27: C'mon, Bret - Trump said NOTHING of any meaning or content. #GOPDebate #KellyFile|"
|Trump|,|positive|,|RT @OldRowOfficial: Trump has the only reasonable position on fighting radical Islam. #GOPDebate https://t.co/hSuig5YmY5|
|Trump|,|positive|,|RT @LeCombat: Trump ends by speaking about WE THE PEOPLE. Unify! #GOPDebate|
|Trump|,|positive|,"|RT @LindaSuhler: Congratulation, friends. Tonight you met President Donald Trump. America wins.  #GOPDebate #Trump2016|"
|Cruz|,|negative|,"|RT @RepublicanVzlan: The crowd chanted ""Marco ! Marco"" as Ted Cruz tried to convince them to support him #teammarco #gopdebate|"
|Trump|,|positive|,|RT @LindaSuhler: Trump supporters! Links to ALL the available POLLS. Speak up for our guy! #GOPDebate #Trump2016 https://t.co/fqRjpnFCsr|
|Cruz|,|negative|,|RT @PolitiFact: .@tedcruz said at #gopdebate he never supported TPP. Mostly True.  (He liked the idea.) https://t.co/PQHMWxwNiB https://t.c______|
|Trump|,|negative|,"|RT @factcheckdotorg: Trump incorrectly referred to Common Core as ______education through Washington, D.C.______  https://t.co/KaO0sahJpu #GOPDebate|"
|Cruz|,|negative|,"|RT @ddiamond: I love that Ted Cruz ______ who worked for George W Bush, Texas Gov Rick Perry, and is now a senator ______ dismisses ""career politicia______|"
|Trump|,|positive|,|RT @Ricky_Vaughn99: NOW THEY ARE COPYING TRUMP ON THE VETERANS! #GOPDebate|
|Trump|,|neutral|,|.@RealDonaldTrump claims credit for sparking #GOP turnout https://t.co/P8ESaxNRgH #GOPDebate https://t.co/UeMig8G0rT|
|Trump|,|positive|,|RT @Trump2016Donald: @realDonaldTrump You did great tonight! America needs you Trump! #gopdebate______ https://t.co/EU2qzvlTJo|
|Cruz|,|negative|,"|RT @KLSouth: I really cannot stand listening to #Cruz______s overrehearsed, melodramatic flourishes as he states what he will do ______on day one.______  ______|"
|Trump|,|positive|,"|RT @gs777gs777: #Trump #GOPDebate DT is right ! ISLAM are full of hate. They all read the same Koran, their bible, & this is it... https://______|"
|Cruz|,|neutral|,"|RT @CNNPolitics: Ted Cruz: ""Only two of us"" have a path to the nomination https://t.co/QxqBj67aXX #GOPDebate https://t.co/3VxU9gAFiI|"
|Trump|,|positive|,|RT @Lrihendry: There is no more qualified person than #Trump to fire the head of VA and other failing heads of organizations! #GOPDebate|
|Trump|,|negative|,"|RT @Shooters_Wife: Trump's position on Israel, is the same kind he has when it comes to PlannedParenthood. #FenceSitter  #GOPDebate #CNNDe______|"
|Trump|,|negative|,|Debates do more harm than good when Trump's statements go unchecked. No time to check them all either. #GOPDebate https://t.co/A23DMO16l6|
|Trump|,|positive|,|RT @yobynnad1127: And again #Trump is the only one with balls to speak the truth about millions of Muslims hating America. #GOPDebate https______|
|Trump|,|neutral|,"|RT @CNNPolitics: Donald Trump: I intend to ""leave Social Security the way it is"" https://t.co/QxqBj67aXX #GOPDebate https://t.co/Gi5v0mH6OJ|"
|Trump|,|negative|,"|RT @citrussage: VIDEO: After praising 'civility' of #GOPdebate, Trump turns NASTY again afterward!! https://t.co/fzVIcbFbFU|"
|Cruz|,|neutral|,"|RT @kathrynw5: Ted Cruz: ""This is a job interview."" #GOPDebate|"
|Trump|,|neutral|,|RT @CNN: Donald Trump defends 'raise right hand______ pledge #GOPDebate https://t.co/BsRx5B3JGO https://t.co/CAxvLcoraE|
|Trump|,|negative|,|RT @JesseLehrich: Wait this is an actual quote from Trump praising the Chinese for the Tiananmen Square massacre. #GOPDebate https://t.co/R______|
|Cruz|,|neutral|,|RT @catblackfrazier: CRUZ: We don______t need a president who______s neutral between the Palestinian terrorists and our friend and ally Israel #GOPDe______|
|Trump|,|negative|,"|RT @activist360: Trump says 1 thing at his fascist hate rallies & another at #GOPDebate. He's a narcissistic grifter, con man & glorified u______|"
|Trump|,|neutral|,|Donald Trump stands by controversial comments about Islam https://t.co/psVvU61hV5 #GOPDebate https://t.co/TCrSlLZqtW #business|
|Trump|,|positive|,"|RT @FoxNews: .@marcthiessen on Trump in #GOPDebate: ""You might even say he was 'low energy,' but he didn't have to be high-energy...he's th______|"
|Trump|,|positive|,|RT @SoCal4Trump: Trump brought his A-Game tonight. Loving the debate so far! GO TRUMP!!! America needs you! #GOPDebate #AlwaysTrump https:/______|
|Trump|,|negative|,|RT @HahnAmerica: Donald Trump is at war with anyone who doesn't think like he does. That's a bad sign folks. #GOPDebate #NeverTrump|
|Trump|,|negative|,|RT @VOICEOFCHID: Trump is only comfortable in the gutter. Policy ain't his thing. He knows nothing! #GOPDebate|
|Trump|,|neutral|,"|RT @nypost: Donald Trump: ""Trade deals are absolutely killing our country..."" #GOPDebate https://t.co/11jwIAr5BP|"
|Trump|,|negative|,"|RT @RepublicanVzlan: Marco super presidential answer on foreign policy radical islam / trump rambling words, no plan no policy just hateful______|"
|Trump|,|neutral|,"|RT @meetthepress: ""Boy, what a great night for Donald Trump."" @chucktodd on Thursday's #GOPdebate. https://t.co/tiVqFi4G4B #MTPDaily https:______|"
|Cruz|,|neutral|,|@brownieman19 can you add Ted Cruz to your list! #GOPDebate|
|Cruz|,|neutral|,"|RT @ChgocadChic: #GOPDebate Ted Cruz: We are here pledging our support to you, the American People to Preserve, Protect & Defend the Consti______|"
|Cruz|,|negative|,"|RT @ConNewsNow: Sorry Ted Cruz, but no Marine would follow the orders of a Canadian usurper #tcot #GopDebate #CruzCrew|"
|Trump|,|negative|,|RT @sierraclub: Sierra Club is against Donald Trump's hateful rhetoric about muslims and immigration to the USA & we call on others to join______|
|Trump|,|positive|,|RT @_HankRearden: Trump rightly doubles down on 'Islam hates us.' Because Islam does hate us. #GOPDebate|
|Trump|,|negative|,|Using an earlier German political model as a template for action #trump #GOPDebate  https://t.co/xLN69p6SMI|
|Trump|,|neutral|,|RT @cnni: Trump: I wasn______t endorsing China______s massacre of students at Tiananmen ______riot______ https://t.co/uJ71xPwhJx https://t.co/4pm9SkLHUU #GOPDe______|
|Trump|,|negative|,"|RT @MattWalshBlog: Trump promising to use taxes to make people ""behave."" But remember he's not a fascist. That's silly. #GOPDebate|"
|Trump|,|positive|,|RT @NYC4TRUMP2016: Trump lead growing!!!! #GOPDebate #Trump2016 #MakeAmericaGreatAgain #TrumpTrain|
|Cruz|,|positive|,"|RT @KenShepherd: ""I find Cruz hard to listen to..."" Do you ever listen to YOUR own voice, @hardball_Chris?! #GOPDebate #TTT16 https://t.co/______|"
|Trump|,|negative|,|RT @jiadarola: CNN just let Donald Trump get away with the insane lie that protesters at his rally are violent. Unconscionable. #GOPDebate|
|Cruz|,|negative|,"|#GOPDebate Cruz conceited, arrogant jerk.|"
|Trump|,|negative|,"|RT @Will_Antonin: Trump, whining: ""We're working on a different set of rules than the terrorists"" Me: ""Yes, you moron. It's called being Am______|"
|Trump|,|negative|,"|#GOPDebate  Trump's pleasant demeanor when not crossed in debate highlights Jekyll/Hyde traits, lack of stability necessary for POTUS.|"
|Trump|,|positive|,|RT @immigrant4trump: Trump WON Debate! even at the Blaze! (Glenn Beck's own poll) https://t.co/x3SHoYRDia #GOPDebate #Trump2016 https://t.______|
|Trump|,|negative|,"|RT @lsarsour: Tune in tomorrow morning to @democracynow, I'll be on. Talking elections, #MuslimVote, Trump hate..... #GOPDebate|"
|Trump|,|neutral|,|Fact Check: Donald Trump is no ally to Israel #GOPDebate https://t.co/4jADGtG5Of|
|Cruz|,|positive|,|Cruz made a joke...it was funny. #GOPDebate|
|Cruz|,|neutral|,"|RT @KristinaWebb: Hey Cruz, what about a son of a son of a sailor? Can he stand up there, too? #GOPdebate|"
|Trump|,|positive|,"|RT @_HankRearden: Trump just told the truth about Islam, and that's a big reason he has my vote. #GOPDebate|"
|Trump|,|positive|,|#CNN is running out of substantive #GOPDebate questions. I've seen more violence at a baseball game than at a #Trump rally. Give me a break.|
|Trump|,|neutral|,"|RT @AnnTelnaes: Trump: ""There's great love for this country"" #GOPDebate https://t.co/1xmNnTGULr|"
|Trump|,|negative|,|RT @peddoc63: Debates talking about policies show Trump's deficiencies. I'm thinking he'd rather go back to mudslinging? #GOPDebate #CNNDeb______|
|Trump|,|positive|,|RT @OrigIntent: The #GOPDebate was #Trump______s to lose & he didn______t. It______s a WIN for #Trump2016.  @Lrihendry @LindaSuhler @TrumpMyPres @ColorMeR______|
|Trump|,|negative|,|RT @voxdotcom: Donald Trump isn't rich because he's a great investor. He's rich because his dad was rich. https://t.co/m3bm9olFNz #GOPDebate|
|Cruz|,|negative|,"|RT @bendykoval: ""Government is the problem"" Oh, Cruz. Is that why you're running for a government position instead of a revolution? #GOPDeb______|"
|Trump|,|neutral|,"|RT @Reuters: Trump's Islam comments draw fire from rivals, but civility reigns at #GOPDebate: https://t.co/SO7KuKmKfx https://t.co/gpNGanQM______|"
|Trump|,|negative|,"|#GOPDebate #CNNDebate #NeverTrump  ""These are wonderful people.""  ~ Trump on the x-factor HALF of his base  :: https://t.co/echn0IcQwC|"
|Cruz|,|negative|,|RT @NaturallyTEE: Cruz just sounds like he should be the pastor of a mega church #AlwaysLying  #GOPDebate|
|Cruz|,|negative|,"|RT @AdamSmith_USA: Cruz: ""DC isn't listening to the people."" #GOPDebate  *majority of Americans support marriage equality and gun reform*  ______|"
|Trump|,|positive|,|RT @SpreadButter: I'm voting trump because he is better than anything @gop has offered us in 16 years @realDonaldTrump @FoxNews #GOPDebate ______|
|Cruz|,|neutral|,|RT @KLSouth: RT @TBradleyNC: Oh my. Ted Cruz would consider Jeb Bush as VP. #speechless #GOPDebate|
|Trump|,|negative|,"|RT @activist360: Trump doubles down on his vile bigotry of Muslims, proving again, today's GOP is not a political party, it's a hate group.______|"
|Trump|,|negative|,"|RT @dcexaminer: On Twitter, Hillary Clinton slams Donald Trump for not condemning rally violence https://t.co/0ljpOWP1vi #GOPDebate https:/______|"
|Trump|,|negative|,"|RT @markmobility: While Trump says Muslims hate America, @IslamicRelief has been providing aid in the #FlintWaterCrisis #GOPDebate https://______|"
|Trump|,|neutral|,|RT @SteveRattner: Clinton crushes Trump in head to head matchups. #GOPDebate https://t.co/6EGqbBlFOf|
|Trump|,|neutral|,|RT @AuditTheMedia: Shorter Trump: The Best Deals or No Deals #GOPDebate https://t.co/RJ7pje5DBO|
|Trump|,|negative|,"|RT @ToppHogg: Mr. Muddybelly is not a candidate at #GOPDebate, but he'd give #trump a run for his #money.  https://t.co/XAnFDIQVif https://______|"
|Trump|,|negative|,|RT @BradThor: Donald Trump's debate answers are about as insightful as his Tweets. #GOPDebate|
|Trump|,|neutral|,"|#CNN commentator raises question, will #Trump still have his supporters if isn't as provocative after #civil and tame #GOPDebate|"
|Trump|,|positive|,|TRUMP knows that if he does not get voted POTUS the country cannot recove #GOPDEBATE|
|Trump|,|negative|,"|RT @LauraWalkerKC: Trump asked about how he will actually cut Social Security, he starts talking about how we are the policeman of the worl______|"
|Trump|,|neutral|,"|RT @EmilyMiller: Last words from Trump to Florida voters: ""Be smart and unify."" #GOPDebate|"
|Trump|,|positive|,|RT @foxnewspolitics: Trump triumphs at #GOPdebate. Rivals and moderators can't lay a glove on front-runner | Via @julieroginsky |  https://______|
|Trump|,|negative|,|RT @srjones66: Donald Trump Humiliates Himself By Getting Common Core Wrong At Republican Debate via @politicususa https://t.co/9AlpSNGYNv ______|
|Cruz|,|negative|,|RT @jenniferweiner: Cruz: Shouty shouty shout. Stand with cops. Abolish IRS. No third term for a failed adminstration. #GOPDebate|
|Cruz|,|negative|,"|RT @TeamMarcoWestPA: Ted Cruz starts inviting other candidates' supporters to join his team. The crowd starts chanting ""MAR-CO! MAR-CO! MAR______|"
|Rubio|,|positive|,|RT @TomRtweets: Excellent answer by Rubio. Finest so far. #GOPDebate|
|Rubio|,|neutral|,|RT @cabot_phillips: .@marcorubio dominated the #GOPDebate in his hometown: https://t.co/nPUlJ9RXYx https://t.co/2wt4MW8051|
|Rubio|,|neutral|,"|RT @KennyCunningham: ""Too little, too late for Rubio? Maybe not"" read my thoughts on #GOPDebate & how it impacts the race: https://t.co/Lbp____|"
|Rubio|,|negative|,|RT @ZaidJilani: What will actually happen to South Florida after Rubio moves his family to DC and becomes a lobbyist #GOPDebate https://t.c____|
|Kasich|,|positive|,"|RT @JohnKasich: ""A strong America is what the entire world is begging for...""  John Kasich will make it happen. #GOPDebate https://t.co/lSg____|"
|Kasich|,|negative|,"|RT @TheDailyEdge: ICYMI: Kasich's 2 biggest accomplishments (balanced budget in '90s, better healthcare in Ohio) thanks entirely to Clinton____|"
|Kasich|,|neutral|,"|RT @TheDailyEdge: Kasich: ""We did great things in DC when Clinton was President. And thanks to Obama's auto bailout, Ohio is booming"" #CNND____|"
|Kasich|,|positive|,|Kasich sounding good #gopdebate|
|Kasich|,|neutral|,|RT @KLSouth: Pro-Amnesty #Kasich____s big cities are sanctuary cities. And he likes Common Core. #GOPDebate #Ohio #OhioPrimary|
|Kasich|,|neutral|,"|RT @worldnetdaily: John Kasich: We don't want to ""lock the doors"" on international trade #GOPDebate|"
|Kasich|,|negative|,"|RT @ashishphappd: Kasich benefitted from the other 3 attacking each other constantly. Without that dynamic, he has lost his gimmick. #GOPDe____|"
|Trump|,|negative|,|.@RealDonaldTrump #Trump2016 The #KingofLosers: #GOPDebate: Another Loser: Trump Home Marks Member Corp|
|Trump|,|negative|,|.@RealDonaldTrump #Trump2016 The #KingofLosers: #GOPDebate: Another Loser: Trump Marks Products LLC|
|Trump|,|negative|,|.@RealDonaldTrump #Trump2016 The #KingofLosers: #GOPDebate: Another Loser: Trump Miami Resort Management LLC|
|Cruz|,|negative|,|@kborut123 @tkdmike And those are his GOOD points!!! #Cruz #TailgunnerTed #CalgaryTed #GOPDebate|
|Trump|,|positive|,"|@realDonaldTrump #gopdebate #MakeAmericaGreatAgain  Definitely won debate, Mr.Trump is rolling full steam ahead! #Trumptrain????|"
|Cruz|,|negative|,|#Cruz is an Establishment Politician. #GOPDebate|
|Trump|,|neutral|,|#GOPdebate Donald Trump #TrumpTrain 2016 Large Black Custom Decal IntlShip  #tpp #gop #nra #tlot https://t.co/QoLpDxIFx4|
|Rubio|,|neutral|,"|#gopdebate Ok @cnnbrk, Marco Rubio is #3 among GOP candidates past day hyped by Twitter https://t.co/sjDdWkkeKM|"
|Trump|,|neutral|,|#GOPDebate watch Donald Trump say Putin a very strong leader for Russia #gopdebate live stream @CNNPolitics https://t.co/Urid5ROA3p|
|Trump|,|negative|,|#nevertrump #trumprally #gopdebate #SuperTuesday Trump is a f*ckin joke!  https://t.co/FZ6u2bphSX|
|Trump|,|negative|,|#Trump had no clothes. #gopdebate @nobamanoway|
|Trump|,|negative|,|#trump I'm the best and bring in a million billion ratings. I'm awesome! #GOPDebate|
|Trump|,|positive|,|#Trump showed great restraint during #GOPDebate & Did Better Job Stopping #Media & #Politicians Twisting His Words Into #Lies #Corruption|
|Cruz|,|negative|,"|Cruz final words: ""Son of a bartender. Son of a dishwasher. Son of a mailman. Son of a gun (grrrr...)"" #GOPDebate|"
|Trump|,|neutral|,|Disney workers respond to Trump's policy claims at #GOPDebate (Vine by @INJO) https://t.co/AEzfNsHZ3Y|
|Trump|,|neutral|,|Donald trump's son looks like Odo from Star Trek: Deep Space Nine. #ds9 #GOPDebate|
|Trump|,|negative|,|Fuck Trump Fuck Hillary  #blackpowermovement #BlackLivesMatter #barsoverbullshit #GOPDebate Ig:Holyhorus https://t.co/Fy7PtaeK1p|
|Trump|,|negative|,|I am sure #Trump believes he trunk is an adequate length. #GOPDebate #TrumpSteaks  https://t.co/ba4Tg8c5DY|
|Kasich|,|negative|,|Kasich created 400 jobs during his time as governor Lol #boss #gopdebate #weakassapllause|
|Cruz|,|negative|,|RT @_HankRearden: Cruz says 'it's easy to talk about taking on Washington.' No shit dude we've watched you do it 4 yrs with absolutely no r____|
|Trump|,|negative|,|RT @ABC: ANALYSIS: Donald Trump tames his ultimate enemy at #GOPDebate____himself https://t.co/doC2hpCws4 https://t.co/DxpYAixPUP|
|Trump|,|positive|,"|RT @AC360: Donald Trump: ""We needed this kind of debate. We needed this kind of a tone."" #GOPDebate https://t.co/YZ32bCBsdM https://t.co/aA____|"
|Trump|,|negative|,"|RT @ajplus: ""There's tremendous hatred.""  -Trump on ""the threat"" of Muslims in America #GOPDebate https://t.co/g62iFl1DiF|"
|Trump|,|neutral|,"|RT @ajplus: ""We have protesters who are bad dudes."" __CTrump on why his rallies turn violent #GOPDebate  Exhibit A: https://t.co/RnoHRardS0|"
|Trump|,|negative|,"|RT @ajplus: ""We're all in this together."" -Donald Trump #GOPDebate  Muslims, Mexicans, refugees, pretty much all minorities rn: https://t.____|"
|Cruz|,|negative|,|RT @ajplus: Cruz says Barack Obama's presidency has been the laughing stock of the world.  Let's think about that. #GOPDebate https://t.co/____|
|Rubio|,|negative|,|RT @AnaKasparian: How does Marco Rubio feel that his Cuban brothers and sisters won't have a home in Miami in the next century? #GOPDebate ____|
|Trump|,|positive|,"|RT @AP: Analysis: Rivals still searching for formula to stop Trump during #GOPDebate, @jpaceDC reports: https://t.co/2lUqrmuSi5|"
|Trump|,|negative|,"|RT @AP: At #GOPDebate, Trump faces allegations that he's inciting violence at his campaign rallies: https://t.co/jhyXEnGavn|"
|Trump|,|positive|,|RT @asamjulian: I respect Donald Trump so much for telling the truth about Islam. We do NOT want to be like Germany and Sweden. #GOPDebate|
|Cruz|,|negative|,"|RT @BettyBowers: Ted Cruz hates Iran but loves Ronald Reagan. Reagan sold arms to Iran; Obama didn't. Logic & facts are super pesky, aren't____|"
|Trump|,|negative|,"|RT @BettyBowers: Trump says: ""No one's complaining about the deals Ronald Reagan made."" Hmmmm, guess he never heard about Iran-Contra.  #GO____|"
|Trump|,|negative|,|RT @BigHeadSports: This is an epic fail of a debate for Trump. His responses are almost comical. Unintentionally. #GOPDebate|
|Rubio|,|negative|,|RT @BrianWFoster: Marco Rubio's speechwriter is a 22 year old who just tried opiates for the first time. #GOPDEBATE|
|Trump|,|negative|,|RT @business: Donald Trump stands by controversial comments about Islam https://t.co/W43jlHzKNm #GOPDebate https://t.co/MT6TRQN6tp|
|Trump|,|neutral|,|RT @business: Here's how Trump sneaks in extra airtime after the debates https://t.co/YkGbCoOM7S #GOPDebate https://t.co/xMRtM4ubIU|
