|negative|,"|RT @Chris_Dignam: Another #TrumpRally , another senseless assault https://t.co/9Hcdk2sIJ7 #Trump #GOPDebate|"
|neutral|,"|If @CNN asks #Trump abt pledges at rally's, can they also talk about #Obama? #Trump2016 #GOPDebate #CNNDebate #CNN https://t.co/tyw5t2ShZs|"
|positive|,"|RT @immigrant4trump: Luther Campbell on CNN ""Rappers will support Trump.Trump taps into what people won't say aloud""#Trump2016 #GOPDebate hï¿_ï¿__ï¿_ï¿__|"
|positive|,|RT @JoePrich: @MichelleFields  this entire thing was a HOAX designed to put Trump on the defensive before the #GOPdebate|
|negative|,"|Considering how aggressively the GOP has campaigned against Trump, they must not plan on him being the nominee #GOPDebate|"
|negative|,|#GOPDebate Would you move to Canada if Trump became President ? https://t.co/7norhcUUZb https://t.co/qna9LONRSE|
|negative|,"|RT @immigrant4trump: Trump: 'Politicians are all talk, no action' Look?https://t.co/CnYQ1FC8KF #Trump2016 #GOPDebate #Florida #FLPrimary hï¿_ï¿__ï¿_ï¿__|"
|neutral|,|#gopdebate #Trump #MemeHistory #BrownAndUnbothered #donaldtrump  TheVulgarPuppy @YouTube  https://t.co/GU8IQP1b1A https://t.co/5UaxFpchet|
|negative|,|What will Trump lie about first tonight? #GOPDebate|
|neutral|,|RT @Art05hr3d: https://t.co/x2msN81vwI #OhioPrimary #FloridaPrimary  #Trump2016 #GOPDebate  #MakeAmericaGreatAgain Carpe Diem https://t.co/ï¿_ï¿__ï¿_ï¿__|
|negative|,|Trump looking around during the #MomentOfSilence for Nancy Reagan. #GOPDebate|
|positive|,"|RT @immigrant4trump: The American people are DONE with career politicians ""VOTE FOR TRUMP!"" #Trump2016 #VoteTrump #FLPrimary #GOPDebate httï¿_ï¿__ï¿_ï¿__|"
|positive|,|RT @WesleyRickard: Sue Everhart GOP Chairman Georgia Endorses Donald J Trump for President #NC #FL #OH #MO #IL #DC #GOPDebate  #jpnet httpsï¿_ï¿__ï¿_ï¿__|
|positive|,|RT @MIAMIforTRUMP: Don't forget! ?????The Media lies!????? #MakeAmericaGreatAgain #Trump2016 #TrumpRally #TrumpTrain #TRUMP #GOPDebate httpï¿_ï¿__ï¿_ï¿__|
|positive|,|RT @ladies4trump: #GOPDebate - let's increase the hashtags- and really pull for him tonight! It's our job as #trump troopers to get our mesï¿_ï¿__ï¿_ï¿__|
|negative|,|RT @tgradous: #Trump Has The Lowest Favorability Ratings EVER For a Frontrunner https://t.co/HDXsoYyS5oï¿_ï¿__ï¿_ï¿__ #GOPDebate #NeverTrump https://t.cï¿_ï¿__ï¿_ï¿__|
|negative|,|RT @seccathaholic: The emcee of the #GOPDebate keeps telling the audience to be civilized and respectful. Tell that to Trump|
|negative|,|RT @BlackIrishI: Trump Displays Fake Trump Steaks And Water During Victory Speech https://t.co/FuQhVOaIxY via @totalfratmove / #GOPDebate #ï¿_ï¿__ï¿_ï¿__|
|positive|,|@realDonaldTrump CNN #GOPDebate moments away. Go Trump! TRUMP 2016!|
|positive|,|RT @WayneDupreeShow: Caller 1 from SW Virginia - I am insulted by anti-Trump supporters  Call in ? 202 470 6738  https://t.co/cSgpDM32HO #Tï¿_ï¿__ï¿_ï¿__|
|positive|,"|RT @immigrant4trump: MSM always showing Trump Protesters,but won't show protesters for other candidates @jaketapper #Trump2016 #GopDebate hï¿_ï¿__ï¿_ï¿__|"
|negative|,|RT @ACBadBeat: Der Furher #Trump has not yet tweeted today. Maybe he's studying for #GOPDebate at #TrumpUniversity (Idiot!) #NeverTrump|
|positive|,"|RT @WayneDupreeShow: Caller 5  from NY- I voted for Bill Clinton, now I am switching to Trump  Call in ? 202 470 6738  https://t.co/cSgpDMï¿_ï¿__ï¿_ï¿__|"
|negative|,"|RT @c314smiley: Trump's modeling agency broke immigration laws, attorneys say https://t.co/YqC1MbuYZR via @CNNMoney  #NeverTrump #GOPdebate|"
|negative|,|#GOPDebate Carly is a liar--Trump supporters are not smart.|
|negative|,|RT @JasonBBenham: The saddest part of the #GOPDebate  is that no matter how childish #Trump gets many people are loving every minute of it.|
|neutral|,|CNN: We're not biased for Trump! But you have to admireï¿_ï¿__ï¿_ï¿__ Not that I like him butï¿_ï¿__ï¿_ï¿__ How dare you say we're perpetuating Trump! #GOPDebate|
|negative|,|RT @KinielCat: Trump cannot stand still during the moment of silence for Nancy Reagan. He may ACTUALLY be a 1st grader. #GOPDebate|
|negative|,|Trump is the kind of guy that would treat his house elf poorly. #GOPDebate|
|positive|,|RT @immigrant4trump: ?Trump = ACCOMPLISHED BUSINESSMAN ?Hillary= ACCOMPLISHED CRIMINAL ?https://t.co/CnYQ1FC8KF ï¿_ï¿__ï¿_ï¿__ #Trump2016 #GopDebate httï¿_ï¿__ï¿_ï¿__|
|negative|,|If I were funnier I would be Donald Trump. #GOPDebate|
|neutral|,"|#GOPDebate  Totally in heaven with BOTH @secupp  AND @kayleighmcenany  in bright red, sparring brilliantly over Trump's virtues & vices. mm!|"
|negative|,|What's the difference between @realDonaldTrump and Hitler?  We can stop Trump before it is too late. Go out and vote #GOPDebate #vote #trump|
|neutral|,"|All this pre-debate talk about ""Trump Steaks"" really makes me want steak... #GOPDebate #CNNDebate|"
|negative|,|RT @OccupyWallStNYC: All evidence suggests the Trump campaign is lying about manhandling a reporter #GOPDebate https://t.co/sBgmYtKRMg httpï¿_ï¿__ï¿_ï¿__|
|positive|,|RT @USAforTrump2016: CNN Republican Debate TONIGHT! 8:30pm! Tune in and support @realDonaldTrump #TrumpTrain #TeamTrump #Trump #GOPDebate #ï¿_ï¿__ï¿_ï¿__|
|negative|,|Maybe we will be lucky and Trump will talk about his weiner again tonight. #GOPDebate #CNNDebate|
|neutral|,"|Yup ... CNN just used a @HouseofCards quote ahead of #GOPDebate re: Trump. ""Public opinion doesn't have a law degree.""|"
|positive|,"|Bottom line, Trump won Michigan by over 160K votes! No glory in 2nd or 3rd in a 3 1/2 man race! #GOPdebate  https://t.co/tUpmtUMMx1|"
|negative|,|RT @awzurcher: Who is going to take a metaphorical bat to Trump tonight at the #GOPDebate in Florida? https://t.co/RzhY0LzyiM|
|neutral|,"|All out war tonight on the #GOPDebate.CNN is VERY biased and favors the DNC. Trump will be attacked. No relevant questions, just biased crap|"
|neutral|,|RT @livenewscloud: Who is your choice for President of the United States?  #Election2016 #GOPDebate #Trump #HillaryClinton #FeelTheBern|
|negative|,|OHHHH Anderson....you could broadcast Bernie or Hillary but you don't. You have TRUMP on b/c of the FECES THROWING he provides #GOPDebate|
|neutral|,|RT @scottienhughes: Serious last night but smiling as today is #GOPDebate day Miami! Will #Trump get 2 talk policy? @wolfblitzer @CNN httpsï¿_ï¿__ï¿_ï¿__|
|negative|,|#Trump is moving like an old man. #GOPDebate|
|negative|,|RT @VickiGP1: ï¿_ï¿__ï¿_ï¿__Malignant And Psychopathicï¿_ï¿__ï¿_ï¿__ Donald Trump? Expert Studies 600 Hours Of #Trump Footage #GOPDebate #FLPrimary   https://t.co/Imï¿_ï¿__ï¿_ï¿__|
|negative|,|RT @Saint_Obama: So in Donald Trump's world it's ok to harass & bruise reporters because you think they are not friendly to your campaign? ï¿_ï¿__ï¿_ï¿__|
|positive|,|RT @ChristiChat: Shame on #MittRomney! His actions made his wife look like an ass  #Trump2016 #GOPDebate #TCOT  https://t.co/KMH8N09MkT|
|neutral|,|RT @darth: candidates all backstage feasting on trump steaks and drinking trump wine rn  #GOPDebate|
|negative|,"|RT @JessicaChasmar: Whether the ""yank"" happened or not, #Trump has condoned violence at his rallies and needs to be confronted on it tonighï¿_ï¿__ï¿_ï¿__|"
|negative|,|So in Donald Trump's world it's ok to harass & bruise reporters because you think they are not friendly to your campaign? Really? #GOPdebate|
|negative|,|RT @whignewtons: Trump only candidate who doesn't bow his head or close his eyes for moment of silence for Nancy Reagan. #GOPDebate|
|positive|,|Donald Trump will destroy the competition tonight in the #GOPDebate on @CNN . Its obvious that he is the nominee okay @MittRomney|
|positive|,|RT @nepafortrump: @DanScavino @realDonaldTrump GET YOUR TICKETS (VIP Seating SOLD OUT) #GOPDebate #TeamTrumpPA https://t.co/cAjemldxaM httpï¿_ï¿__ï¿_ï¿__|
|negative|,|RT @Terrence_CFP: Video: Black Man Punched In Face At #Trump Rally https://t.co/m5txOWWIDr via @thinkprogress #GOPDebate|
|negative|,|#GOPDebate Trump's or Drumph's rallies are getting way to alike with what went on in Nuremberg!|
|neutral|,|Trump is already pissed. #GOPDebate|
|negative|,|What are the odds Trump shows up for tonight's #GOPDebate as a hundred foot hologram on a throne?|
|negative|,"|RT @GottaLaff: #GOPDebate Moment of silence for Nancy Reagan: #Trump kept his eyes open, saw others had theirs closed, closed his, opened tï¿_ï¿__ï¿_ï¿__|"
|positive|,|RT @WayneDupreeShow: Caller 5  from Pittsburgh -Close to 50K have switched to GOP to support Trump  Call in ? 202 470 6738  https://t.co/cSï¿_ï¿__ï¿_ï¿__|
|negative|,"|RT @igorvolsky: Trump vows to repeal Obamacare, which means 129 million Americans with pre-existing conditions could lose their coverage #Gï¿_ï¿__ï¿_ï¿__|"
|negative|,"|RT @MissMandi00: Should we take bets on which #Trump shows up tonight? The milder version or the whiney, got his panties in a knot version!ï¿_ï¿__ï¿_ï¿__|"
|neutral|,"|RT @mVespa1: So, is anyone going to ask Trump about this tonight? https://t.co/DsS6uQCnAi #tcot #GOPdebate|"
|negative|,|RT @pattonoswalt: Trump does sun salutations before tonight's #GOPDebate. https://t.co/wG7MjJLIel|
|negative|,"|RT @VickiGP1: Donald #Trump broke anti-discrimination laws to keep a mob boss gambling at his casinos, fined #200,000 #GOPDebate  https://tï¿_ï¿__ï¿_ï¿__|"
|positive|,|RT @cheapshot89: Cartoon of the Day 3/4/16: #GOPDebate #Trump2016 #Trump #GOP @realDonaldTrump https://t.co/cOPhHhE9NO|
|negative|,|Trump opened his eyes in the middle of the moment of silence.  REAGAN HATER CONFIRMED.  #GOPDebate|
|negative|,|RT @AllyGeighter: Not watching this one. Can't stand sound of Trump's little voice coming out of that little fish mouth as he waves his tinï¿_ï¿__ï¿_ï¿__|
|positive|,"|RT @immigrant4trump: Florida Vote For Trump ""March 15"" #FLPrimary #FloridaPrimary #Trump2016 #GOPDebate #AlwaysTrump Watch Video: https://tï¿_ï¿__ï¿_ï¿__|"
|positive|,"|So RNC is embracing Trump's inevitability? Priebus stating lets agree whoever the nominee is, we all support him. #GOPDebate|"
|negative|,"|RT @JamesPindell: Just heard @JohnKingCNN say ""enormous steaks."" I guess we are still talking about Trump products #GOPDebate|"
|negative|,|RT @jiadarola: If they want to one up all the dick talk from the last #GOPDebate we're gonna need info on Trump's taint.|
|positive|,|Donald Trump is literally inspiring heavy drug users to get clean #GOPDebate #TrumpTrain https://t.co/iUrcgq2zkw|
|negative|,|Trump cannot stand still during the moment of silence for Nancy Reagan. He may ACTUALLY be a 1st grader. #GOPDebate|
|positive|,"|Republican debate is NOT ""breaking news,"" CNN. Make Trump news media's president, and then we get who we want. #trdebates #GOPDebate|"
|positive|,|RT @DbSassssa: Donald Trump is unstoppable #VoteTrump #GOPDebate https://t.co/5NOKsVnseR|
|neutral|,"|RT @ameripundit: So, who has the stomach to watch another Trump-bashing cage match tonight? 8:30 EST CNN  #GOPDebate https://t.co/oyxNz4G4Xa|"
|negative|,|RT @AnyoneButDTrump: Trump's strategy for the #GOPDebate tonight: https://t.co/mNAobeY7d9|
|neutral|,|RT @WayneDupreeShow: Caller 24 from ARK  - CAIR news conf today was establishment hit on Trump  Call in ? 202 470 6738  https://t.co/cSgpDMï¿_ï¿__ï¿_ï¿__|
|neutral|,|The Real Donald Trump #GOPDebate #FloridaPrimary #Florida  https://t.co/8h4xI78FYF|
|negative|,|Crazy stupid Racist trump supporters compilation @youTube https://t.co/pOeNeZXW5A @realDonaldTrump Koolaid Drinker #GOPdebate #CNN #MTV|
|positive|,|RT @Trump2016Donald: Trump signs EVERYWHERE in Ohio! #OHPrimary #OhioPrimary #Trump2016 #TrumpTrain #MakeAmericaGreatAgain #GOPDebate httpsï¿_ï¿__ï¿_ï¿__|
|negative|,|RT @9a1e6c8a99984e2: Not A Single One Of @realDonaldTrump 75 Statements Fact Checked Hey  #Trump Stop Lying Man ! #GOPDebate ? #DemDebate hï¿_ï¿__ï¿_ï¿__|
|neutral|,|Back-to-back Anti-Trump ads? Where was this in 2015? #GOPDebate|
|negative|,"|If Trump is the nominee,  I know a lot of folks , including myself,  that will LEAVE the GOP to become independents!! #GOPDebate|"
||,"|RT @immigrant4trump: MSM always showing Trump Protesters,but won't show protesters for other candidates @jaketapper #Trump2016 #GopDebate hï¿_ï¿__ï¿_ï¿__|"
|negative|,|RT @jiadarola: So is Donald Trump going to pay for that racist's court costs? #GOPDebate|
|positive|,|RT @WesleyRickard: Representative Jim Carns AL Endorses Donald J Trump for President of the United #FL #GOPDebate #OH #IL #CPAC #ccot httpsï¿_ï¿__ï¿_ï¿__|
|negative|,|RT @toddstarnes: In fairness Trump may have thought the other candidates were bowing their heads out of reverence to him. #GOPDebate|
|negative|,|RT @NumbersMuncher: Jake Tapper currently explaining the rules of the #GOPDebate as if anyone is going to make sure Donald Trump actually hï¿_ï¿__ï¿_ï¿__|
|positive|,|RT @voteTrumpyes: It's almost Time for the #GOPDebate!! Donald Trump will have a Great Night!! #VoteTrump https://t.co/twBuToDKkO|
|positive|,|GOP chairman takes all the teeth out of any trump criticism before the debate even starts #GOPDebate|
|negative|,|Trump talked about his genitalia in the last #GOPDebate. I wonder what's gonna happen tonight|
|neutral|,|Watching tonight's #GOPDebate? Hear what Trump's AZ campaign chairman said about ISIS/U.S.-Mexico border...  https://t.co/NZbROjqN5C #abc15|
|negative|,|Trump should be asked if he will fire his campaign manager in the #GOPDebate|
|negative|,"|The Buck Stops . . . Over There. Like Obama, Trump Always Blames Others. https://t.co/7FPYw9PVtM #gopdebate|"
|negative|,|RT @WomanVote: #GOPDebate @thehill #Trump has a pattern of HATE! #GOP #No2KKK #FireWallHate #USlatino #BlackVote #Youth Response -> https:/ï¿_ï¿__ï¿_ï¿__|
|negative|,|I will not support Donald Trump. Sorry not sorry @Reince #GOPDebate|
|negative|,|How many times will TRUMP TALK ABOUT HIS DICK SIZE????  #GOPDebate|
|negative|,"|RT @eScarry: Anderson Cooper says there are ""Enormous steaks"" tonight, presumably referring to Trump Steaks. #GOPDebate|"
|positive|,"|RT @Veteran4Trump: Herschel Walker - Shut Up to @MittRomney ... You're a Loser!  ""Trump will save America"" https://t.co/z2l0QNxhBw #AlwaysTï¿_ï¿__ï¿_ï¿__|"
|positive|,|@realDonaldTrump STRATEGY 4 2Nites debate: BE VERY PRESIDENTIAL&DEBATE ON ISSUES! Don't stoop to their level or take bait. #TRUMP #GOPDEBATE|
|negative|,"|RT @pattonoswalt: Six minutes. Six minutes. Six minutes, Douch-ey Trump, you're on. #GOPDebate|"
|negative|,|RT @tgradous: Donald Trump Stiffed Casio Builders While Spending ?1 Million https://t.co/jKq6e5WJ6f #GOPDebate #NeverTrump https://t.co/uwï¿_ï¿__ï¿_ï¿__|
|neutral|,|RT @Ward4Anderson: According to a recent report #Republicans contribute to veterans suicides! @SpeakerRyan #Trump #GOPDebate  https://t.co/ï¿_ï¿__ï¿_ï¿__|
|positive|,|I don't believe a word #Reince has to say #Trump has been loyal to his pledge #GOP has betrayed us!#GOPDebate #CNN https://t.co/4T6wYTKae4|
|positive|,"|RT @RedheadAndRight: Trump must be thinking, not another meaningless, biased debate. Mr. Trump, we feel for you. #GOPDebate @realDonaldTrump|"
|negative|,|RT @KyleKulinski: The comically ignorant Trump supporter who called the KKK a 'leftist terrorist organization' is still on CNN. #GOPDebate|
|negative|,|It's hard to talk to Trump on the issues #CNN... He doesn't have any substantial ones. #GOPDebate|
|positive|,|RT @peddoc63: Jeb Bush was a good governor. I hope he endorses Cruz. Everyone should support Cruz. He's a fighter & winner! #GOPDebate #Flo_ï¿___ï¿__|
|positive|,|RT @Chamberlain1973: Bush Family Member Endorses #TedCruz! #FLPrimary #ILPrimary #MOPrimary #NCPrimary #OHPrimary #GOPDebate #VOAV https://_ï¿___ï¿__|
|negative|,|RT @ameripundit: POLL: Will Ted Cruz have another 'booger' in his nose during tonight's CNN-hosted #GOPDebate?|
|positive|,|RT @Chamberlain1973: Bush Family Member Endorses #TedCruz! #FLPrimary #ILPrimary #MOPrimary #NCPrimary #OHPrimary #GOPDebate #VOAV  https:/_ï¿___ï¿__|
|negative|,|RT @Notnow71: Even though Cruz looks & sounds like Jim Jones nobody drinks his kool aid except for the zealots #GOPDebate  https://t.co/flr_ï¿___ï¿__|
|positive|,|My Friends we have a choice! Democrats favorite deal maker or Ted Cruz! #ChooseCruz #CruzCrew #Pjnet #GOPDebate https://t.co/zPgA1X7ko1|
|negative|,|#Disturbing!!!! Watch Ted Cruz coach his family through a campaign ad shoot. #CruzCrew #TedCruz #GOPDebate https://t.co/MJHmfDgudG|
|negative|,|RT @ImAmandaNelson: Hi Mr. Cruz when you're elected are the Handmaids going to be required to wear red because that clashes with my complex_ï¿___ï¿__|
|positive|,|RT @DarleneHBrook: New Gallup Poll Shows #TedCruz W/ Highest #GOP Favorable Rating https://t.co/XLqNl9kP9L #GOPDebate #1A #2A #CruzCrew htt_ï¿___ï¿__|
|positive|,|RT @Dannerism: TONIGHT: Cruz missile vs Bronx cheerleader #GOPDebate .@qnoftherealm @zoumrouda @tracieeeeee @RedNationRising @RNRTexas @ate_ï¿___ï¿__|
|positive|,"|RT @TFinn82: Thing with watching Cruz debate, I never worry that he'll say something stupid. :) #GOPDebate|"
|negative|,"|RT @NARAL: Ted Cruz has touted his commitment to the Constitution, but wants to deny women their constitutional right to an abortion. #GOPD_ï¿___ï¿__|"
|positive|,|RT @Elisabeth242: Looks like Ted Cruz Is BEST!! #GOPDebate https://t.co/zBWqGsJIKR|
|negative|,|RT @TheDailyEdge: Ted Cruz: I will defend your rights to discriminate against gays. Gays are the real terrorists #GOPDebate https://t.co/di_ï¿___ï¿__|
|negative|,|Why no Canadian national anthem for Ted Cruz tho? ???????? #GOPDebate|
|neutral|,|RT @ReutersLive: LIVE: Ted Cruz campaigns in Miami ahead of #GOPDebate. https://t.co/CCjw12RrUm https://t.co/zAJjgPe0zG|
|negative|,|#GOPDebate Cruz said everything but the 47%|
|positive|,"|RT @weeklystandard: .@tedcruz says Americans ""are interested in solutions, not slogans."" https://t.co/bWrSUaTm9q #gopdebate https://t.co/SU_ï¿___ï¿__|"
|positive|,|RT @peddoc63: My Friends we have a choice! Democrats favorite deal maker or Ted Cruz! #ChooseCruz #CruzCrew #Pjnet #GOPDebate https://t.co/_ï¿___ï¿__|
|neutral|,|#GOPDebate Forina pushing the VAT pushing Cruz. Both a corporation wrecker. Look at that Face. Follow her over a cliff at your own risk|
|negative|,|RT @Liampcahill: When I hear Ted Cruz talk #GOPDebate https://t.co/z87Hw7eb4L|
|negative|,|RT @N1K0LAK1: #Disturbing!!!! Watch Ted Cruz coach his family through a campaign ad shoot. #CruzCrew #TedCruz #GOPDebate https://t.co/MJHmf_ï¿___ï¿__|
|positive|,|This show of patriotism opening the #gopdebate seems weird considering these candidates (except maybe Kasich)|
|positive|,|RT @JohnKasich: There's no substitute for nat'l security experience in a Commander-in-Chief. Gov Kasich has 18 yrs of it. #GOPDebate https:_ï¿___ï¿__|
|negative|,|RT @NBCNews: The Lid: Can @JohnKasich handle the heat at tonight's #GOPDebate?https://t.co/1JJgdmguwP https://t.co/F3yVtHqmOL|
|negative|,|Kasich's heart is dropping a little low ? #GOPDebate|
|positive|,|Kasich has a good chance to secure the nomination tonight. #GOPDebate|
|neutral|,|Kasich got a hair cut. #GOPDebate|
|neutral|,|RT @KyleKulinski: Without Anderson Cooper hosting how will I know which Pokemon is Kasich's favorite? #GOPDebate|
|neutral|,|RT @bpolitics: Here's a closer look at John Kasich's resume https://t.co/U9BjXk71zw #GOPDebate|
|neutral|,|@KrystalPistolKP maybe #Kasich will become more aggressive tonight  #GOPDebate|
|positive|,|Is #Kasich going to be designated driver again tonight? #GOPDebate|
|positive|,|4 reasons Kasich wins the #GOP nomination https://t.co/PezQI7FyOT #GOPDebate|
|negative|,|RT @MDGallar: Rubio now denies lying to FL voters or supporting amnesty. We have photos of it Li'l Marco. #GOPdebate #FLprimary https://t._ï¿___ï¿__|
|negative|,|RT @sueinphilly: This will be the last time we see Rubio at #GOPDebate Bye #inners|
|positive|,"|@marcorubio just needs to be Marco Rubio in the debate tonight, be the person everyone knows. ##GOPDebate|"
|neutral|,"|Just googled Rubio's Bio, if he doesn't win Florida, he will be gone for sure. #GOPDebate|"
|positive|,"|RT @FiveThirtyEight: It hasn_ï¿___ï¿__t done him much good, but Rubio has a clear lead in endorsements. https://t.co/4Xuserzcmv #GOPDebate|"
|negative|,"|RT @KyleKulinski: Anderson Cooper just said it's ""make or break, do or die"" for Marco Rubio tonight. No, that was like a month ago. Already_ï¿___ï¿__|"
|negative|,|RT @tedbishop38pga: @CNN Marco Rubio only candidate who shook no one's hand. #GOPDebate|
|negative|,"|Rubio ""I'm really sorry I made the Donald mad -- please forgive me, please, please, please"" #GOPDebate @marcorubio  https://t.co/XaBRkSKKki|"
|positive|,|The crowd seems to be mildly pro-Rubio #GOPDebate|
|negative|,|business: RT BloombergTV: How MarcoRubio became Florida_ï¿___ï¿__s not-so-favorite son https://t.co/fMEeEaWpdM #GOPdebate https://t.co/PmY6ZqmMze|
|positive|,|Rubio gets by far the loudest cheer here at the Univ of Miami. Not surprising considering this is his backyard. #GOPdebate|
|neutral|,"|RT @marcorubio: Get ready Hialeah: come rally w/ me tonight before the next #GOPDebate! Space is limited, RSVP now: https://t.co/FlA1DB4H3S_ï¿___ï¿__|"
|negative|,"|RT @sierraclub: ICYMI: Newsweek -- ""South Florida Is Sinking. Where Is Marco Rubio?"" https://t.co/A2Nq2vRcWr | #GOPDebate | Answer: AWOL|"
|negative|,"|RT @LawlessPirate: Rubio is like, ""what am I even doing up here?"" #GOPDebate|"
|positive|,|RT @guypbenson: Rubio crowd in South Florida. #GOPDebate|
|negative|,"|RT @MDGallar: Rubio's campaign is so impulsive it's hard to describe, but I think this sums up his strategy. #GOPdebate #FLprimary https://_ï¿___ï¿__|"
|negative|,|In tonight's #GOPDebate I look for the following. Rubio's desperate engagement of all three other candidates.... https://t.co/wzbiFqzOJg|
|neutral|,|We're live today at the University of Miami. Next we talk w/ Rubio supporter @NinoskaPerezC on tonight's #GOPDebate https://t.co/Zkrz5LZnb8|
|negative|,|.@RealDonaldTrump #Trump2016 The #KingofLosers: #GOPDebate: Another Loser: Trump Home Marks Member Corp|
|negative|,|.@RealDonaldTrump #Trump2016 The #KingofLosers: #GOPDebate: Another Loser: Trump Marks Products LLC|
|negative|,|.@RealDonaldTrump #Trump2016 The #KingofLosers: #GOPDebate: Another Loser: Trump Miami Resort Management LLC|
|negative|,|@kborut123 @tkdmike And those are his GOOD points!!! #Cruz #TailgunnerTed #CalgaryTed #GOPDebate|
|positive|,"|@realDonaldTrump #gopdebate #MakeAmericaGreatAgain  Definitely won debate, Mr.Trump is rolling full steam ahead! #Trumptrain????|"
|negative|,|#Cruz is an Establishment Politician. #GOPDebate|
|neutral|,|#GOPdebate Donald Trump #TrumpTrain 2016 Large Black Custom Decal IntlShip  #tpp #gop #nra #tlot https://t.co/QoLpDxIFx4|
|neutral|,"|#gopdebate Ok @cnnbrk, Marco Rubio is #3 among GOP candidates past day hyped by Twitter https://t.co/sjDdWkkeKM|"
|neutral|,|#GOPDebate watch Donald Trump say Putin a very strong leader for Russia #gopdebate live stream @CNNPolitics https://t.co/Urid5ROA3p|
|negative|,|#nevertrump #trumprally #gopdebate #SuperTuesday Trump is a f*ckin joke!  https://t.co/FZ6u2bphSX|
|negative|,|#Trump had no clothes. #gopdebate @nobamanoway|
|negative|,|#trump I'm the best and bring in a million billion ratings. I'm awesome! #GOPDebate|
|positive|,|#Trump showed great restraint during #GOPDebate & Did Better Job Stopping #Media & #Politicians Twisting His Words Into #Lies #Corruption|
|negative|,"|Cruz final words: ""Son of a bartender. Son of a dishwasher. Son of a mailman. Son of a gun (grrrr...)"" #GOPDebate|"
|neutral|,|Disney workers respond to Trump's policy claims at #GOPDebate (Vine by @INJO) https://t.co/AEzfNsHZ3Y|
|neutral|,|Donald trump's son looks like Odo from Star Trek: Deep Space Nine. #ds9 #GOPDebate|
|negative|,|Fuck Trump Fuck Hillary  #blackpowermovement #BlackLivesMatter #barsoverbullshit #GOPDebate Ig:Holyhorus https://t.co/Fy7PtaeK1p|
|negative|,|I am sure #Trump believes he trunk is an adequate length. #GOPDebate #TrumpSteaks  https://t.co/ba4Tg8c5DY|
|negative|,|Kasich created 400 jobs during his time as governor Lol #boss #gopdebate #weakassapllause|
|negative|,|RT @_HankRearden: Cruz says 'it's easy to talk about taking on Washington.' No shit dude we've watched you do it 4 yrs with absolutely no rÇè_Çè_|
|negative|,|RT @ABC: ANALYSIS: Donald Trump tames his ultimate enemy at #GOPDebateÇè_Çè_himself https://t.co/doC2hpCws4 https://t.co/DxpYAixPUP|
|positive|,"|RT @AC360: Donald Trump: ""We needed this kind of debate. We needed this kind of a tone."" #GOPDebate https://t.co/YZ32bCBsdM https://t.co/aAÇè_Çè_|"
|negative|,"|RT @ajplus: ""There's tremendous hatred.""  -Trump on ""the threat"" of Muslims in America #GOPDebate https://t.co/g62iFl1DiF|"
|neutral|,"|RT @ajplus: ""We have protesters who are bad dudes."" Çè_CTrump on why his rallies turn violent #GOPDebate  Exhibit A: https://t.co/RnoHRardS0|"
|negative|,"|RT @ajplus: ""We're all in this together."" -Donald Trump #GOPDebate  Muslims, Mexicans, refugees, pretty much all minorities rn: https://t.Çè_Çè_|"
|negative|,|RT @ajplus: Cruz says Barack Obama's presidency has been the laughing stock of the world.  Let's think about that. #GOPDebate https://t.co/Çè_Çè_|
|negative|,|RT @AnaKasparian: How does Marco Rubio feel that his Cuban brothers and sisters won't have a home in Miami in the next century? #GOPDebate Çè_Çè_|
|positive|,"|RT @AP: Analysis: Rivals still searching for formula to stop Trump during #GOPDebate, @jpaceDC reports: https://t.co/2lUqrmuSi5|"
|negative|,"|RT @AP: At #GOPDebate, Trump faces allegations that he's inciting violence at his campaign rallies: https://t.co/jhyXEnGavn|"
|positive|,|RT @asamjulian: I respect Donald Trump so much for telling the truth about Islam. We do NOT want to be like Germany and Sweden. #GOPDebate|
|negative|,"|RT @BettyBowers: Ted Cruz hates Iran but loves Ronald Reagan. Reagan sold arms to Iran; Obama didn't. Logic & facts are super pesky, aren'tÇè_Çè_|"
|negative|,"|RT @BettyBowers: Trump says: ""No one's complaining about the deals Ronald Reagan made."" Hmmmm, guess he never heard about Iran-Contra.  #GOÇè_Çè_|"
|negative|,|RT @BigHeadSports: This is an epic fail of a debate for Trump. His responses are almost comical. Unintentionally. #GOPDebate|
|negative|,|RT @BrianWFoster: Marco Rubio's speechwriter is a 22 year old who just tried opiates for the first time. #GOPDEBATE|
|negative|,|RT @business: Donald Trump stands by controversial comments about Islam https://t.co/W43jlHzKNm #GOPDebate https://t.co/MT6TRQN6tp|
|neutral|,|RT @business: Here's how Trump sneaks in extra airtime after the debates https://t.co/YkGbCoOM7S #GOPDebate https://t.co/xMRtM4ubIU|
|negative|,|RT @cenkuygur: Trump is low energy tonight. He is clearly playing prevent defense. His polling must show that the penis talk didn't help hiÇè_Çè_|
|positive|,"|RT @Cernovich: ""Now is the time for unity."" - Trump has charmed CNN. Told you he would. He has many talents! #GOPDebate|"
|negative|,"|RT @chenx064: Shorter version of the entire campaign: ""The guy defending Trump Çè_Çè_ is cretinous."" #NeverTrump #GOPDebate https://t.co/ABdyZAiÇè_Çè_|"
|negative|,|RT @christinawilkie: Young black college student who was curious about Trump got thrown out and then attacked. Dude. America. #GOPDebate  hÇè_Çè_|
|negative|,"|RT @ChuckNellis: Trump is a RINO & a DINO all in one, he's bought & bribed both sides. He is #WashingtonCartel & establishment to the CORE!Çè_Çè_|"
|negative|,"|RT @CletisStump: At Trump University we fleece our students equally irrespective of race, creed, or gender. #equalitatitsbest #GOPDebate @rÇè_Çè_|"
|neutral|,"|RT @CNN: .@realDonaldTrump during the #GOPDebate: ""I cannot believe how civil it's been up here"" https://t.co/WuW36RKMKZ https://t.co/KCtc6Çè_Çè_|"
|neutral|,"|RT @CNN: Donald Trump: ""I thought it was a very elegant debate,"" and ""very substantive"" #GOPDebate https://t.co/z7cwpAy0PN https://t.co/CDLÇè_Çè_|"
|neutral|,"|RT @CNN: Ted Cruz: ""The less government, the more freedom..."" https://t.co/Y1FfRsAwKO #GOPDebate https://t.co/aTfxhQipGk|"
|neutral|,"|RT @CNN: Ted Cruz: ""We're getting killed in international trade"" https://t.co/aTfxhQipGk #GOPDebate https://t.co/jEXQqLq11m|"
|neutral|,"|RT @CNN: Ted Cruz: The answer is not simply to yell Çè_Çè_China bad, Muslims badÇè_Çè_  https://t.co/Y1FfRsAwKO #GOPDebate https://t.co/TUDOeUAl4s|"
|positive|,|RT @cnnbrk: Trump: I think IÇè_Çè_m going to have the delegates. #GOPDebate https://t.co/yjvGhspqVi|
|neutral|,|RT @cnni: Trump: I wasnÇè_Çè_t endorsing ChinaÇè_Çè_s massacre of students at Tiananmen Çè_Çè_riotÇè_Çè_ https://t.co/uJ71xPwhJx https://t.co/4pm9SkLHUU #GOPDeÇè_Çè_|
|neutral|,"|RT @CNNPolitics: Marco Rubio hails the policy focus at the #GOPDebate and says ""this is not a reality show"" https://t.co/LXFQdUJCgz https:/Çè_Çè_|"
|neutral|,"|RT @CNNPolitics: Ted Cruz: ""We are here pledging our support to you Çè_Çè_ not the other way around"" https://t.co/kZ4m149S4c #GOPDebate https://Çè_Çè_|"
|neutral|,"|RT @CNNPolitics: Ted Cruz: ""What an incredible nation we have"" https://t.co/QxqBj67aXX #GOPDebate https://t.co/1PXFUR4mbX|"
|neutral|,"|RT @CNNPolitics: Ted Cruz: We need to raise the retirement age ""for younger workers""  https://t.co/QxqBj6oMmx #GOPDebate https://t.co/I7v7kÇè_Çè_|"
|neutral|,|RT @Crowdpac: KASICH CLOSING:  1) IÇè_Çè_m positive 2) I will continue to be positive 3) I can fix problems in DC 4) Will send power back to youÇè_Çè_|
|positive|,|RT @DailyCaller: Trump: IÇè_Çè_m Fun Çè_Çè_ Çè_Çè_ThatÇè_Çè_s Why I Draw Much Bigger Crowds Than TedÇè_Çè_ [VIDEO] https://t.co/jz8KkXJZxT #GOPDebate https://t.co/5Çè_Çè_|
|negative|,|RT @DanktheNugzz: @cnn @TheYoungTurks Finally CNN throws some nasty quotes at Trump Too bad it doesnt matter ignorant America is apparentlyÇè_Çè_|
|negative|,"|RT @DannyZuker: If you're keeping score, Marco Rubio believes God has a rooting interest in this primary but man doesn't cause climate chanÇè_Çè_|"
|positive|,|RT @DanScavino: I've said it before- I say it again. I miss Ted coming to kiss Mr. Trump's ass for money at Trump Tower. #GOPDebate https:/Çè_Çè_|
|positive|,"|RT @DeanDesign101: #Trump is re-Branding. Forcing others to follow and re-brand, not by desire. #GOPDebate #ArtoftheDeal|"
|negative|,|RT @Deanofcomedy: How many more black people need to be physically beaten at Trump events before its national headlines or one is killed? #Çè_Çè_|
|negative|,|RT @DougStanhope: Someone just pointed out that Ted Cruz nose looks like rudimentary urinal Sharpie graffiti of a penis. Now I want penis. Çè_Çè_|
|negative|,|RT @dovorah001: #GOPDebate I'm peeing in my pants! #Cruz couldn't be any more establishment if he tried! Club for Growth AND the Bush DynasÇè_Çè_|
|negative|,"|RT @DrJillStein: Oligarch Trump has no right to talk about ""inclusion"" while simultaneously calling for the banning of Muslims from the US.Çè_Çè_|"
|negative|,|RT @DrJillStein: The fact that Oligarch Trump is buying his way into the Presidency is no better than accepting corporate lobby money. #GOPÇè_Çè_|
|negative|,|RT @EchoK: Donald Trump is getting scary! #GOPDebate https://t.co/CpwhWiPYOw|
|neutral|,"|RT @EmilyMiller: Last words from Trump to Florida voters: ""Be smart and unify."" #GOPDebate|"
|negative|,"|RT @factcheckdotorg: Trump called the 1,237 delegates needed for the GOP nomination Çè_Çè_a very random number.Çè_Çè_ https://t.co/AqKcmho6rn #GOPDebÇè_Çè_|"
|positive|,|RT @FoxBusiness: .@LtStevenLRogers: What you saw last night in the #GOPDebate was President Trump. He's bringing people together. https://tÇè_Çè_|
|positive|,"|RT @FoxNews: .@krauthammer on #GOPDebate: ""The kind of thing that would've been needed to slow down the Trump train simply didn't happen toÇè_Çè_|"
|neutral|,"|RT @FoxNews: Trump: ""I used to think Merkel was a great leader until she did what she did to Germany. Germany is a disaster right now."" #GOÇè_Çè_|"
|positive|,"|RT @FoxNews: Trump: ""We should pay our respects to the police because they are taking tremendous abuse... & they do a phenomenal job."" #GOPÇè_Çè_|"
|positive|,|RT @foxnewspolitics: Trump triumphs at #GOPdebate. Rivals and moderators can't lay a glove on front-runner | Via @julieroginsky |  https://Çè_Çè_|
|negative|,"|RT @FranklinMan25: #GOPDebate Donald Trump struggled with the word ""strong"" in references made to leadership that murders it's own! https:/Çè_Çè_|"
|negative|,|RT @gsainer: Waiting for Trump to announce that he will stop rising sea levels by building a giant seawall and will make Auqaman pay for itÇè_Çè_|
|negative|,"|RT @HahnAmerica: Trump lost tonight, badly. He spent the night pivoting. He's definitely not ready for the big time. #GOPDebate #NeverTrump|"
|negative|,"|RT @Hardline_Stance: Trump: To replace Scalia, I will stack SCOTUS with turncoat justices like my sister.  They will behave like Kennedy & Çè_Çè_|"
|negative|,|RT @imfabulous13: If we broadcast Ted Cruz's voice over ISIS territory they will surrender in 24 hours. #GOPDebate #CNNDebate https://t.co/Çè_Çè_|
|positive|,"|RT @immigrant4trump: Trump WON the 12TH REPUBLICAN DEBATE!!! in ALL the polls (Time, drudge, blaze, fox) #GOPDebate #Trump2016 #VoteTrump hÇè_Çè_|"
"|done for ""before""|","|RT @immigrant4trump: Trump: 'Politicians are all talk, no action' Look?https://t.co/CnYQ1FC8KF #Trump2016 #GOPDebate #Florida #FLPrimary hÇè_Çè_|"
|neutral|,"|RT @intelligencer: Kasich in closing statement: ""I want to turn power, money, and influence back to you."" https://t.co/b76IiK5SCw #GOPDebate|"
|negative|,"|RT @JamesWillems: ""I'm absolutely #TeamIronMan. Love the guy. Golf with him all the time."" - Donald Trump, #GOPDebate|"
|negative|,|RT @JBStonestreet: Trump talking about Islam mistreating women comes across just a bit disingenuous. #GOPDebate|
|negative|,|RT @jiadarola: CNN just let Donald Trump get away with the insane lie that protesters at his rally are violent. Unconscionable. #GOPDebate|
|negative|,|RT @JohnDalyBooks: Trump saying he's wanted this type of policy debate all along. Oh my f'n... #GOPdebate|
|positive|,|RT @JohnKasich: John Kasich knows how to bring jobs back to America. He's done it before. He can do it again. #GOPDebate https://t.co/rUaJzÇè_Çè_|
|negative|,"|RT @jonahray: You gotta hand it to Trump, he's got Kampfidence. #GOPDebate|"
|negative|,|RT @kampeas: Rubio wins Judea and Samaria primaries #GOPDebate|
|neutral|,"|RT @kathrynw5: Cruz: What a great nation we have that the sons of a bartender, mailman, dishwasher and successful businessman are on this sÇè_Çè_|"
|neutral|,"|RT @KatiePavlich: Just asked Trump for comment about allegation surrounding his campaign manager roughing up Michelle Fields: ""It didn't haÇè_Çè_|"
|negative|,"|RT @KatiePavlich: Trump says he hates the Iran deal, but will negotiate with Palestinian terrorists, who are funded by Iran #GOPDebate|"
|negative|,"|RT @KatiePavlich: When I asked Trump about the bruises on her arm, he said ""Well I don't know how they got there"" #GOPDebate|"
|positive|,"|RT @KLSouth: CNNÇè_Çè_s John King just gave excellent analogy of #Trump being so Presidential - by relating it to ""Art of the Deal"". He is closiÇè_Çè_|"
|negative|,|RT @KLSouth: Devastating video of #Cruz. Was he lying then ..or lying now? The 14th Amendment from 2011 to 2015. https://t.co/UZQCXEnEBr  #Çè_Çè_|
|neutral|,"|RT @KLSouth: Report: #Cruz would consider Bush as VP, if nominated. RT @TBradleyNC: A vote for Ted Cruz is a vote for Jeb! as VP. #GOPDebate|"
|negative|,"|RT @KyleKulinski: Trump thinks quoting him means the press is somehow ""totally dishonest"" #GOPDebate|"
|negative|,"|RT @lancegould: Trump: ""My white supporters want to punch black men in the face at my events because of all the bad trade deals we've made.Çè_Çè_|"
|negative|,|RT @LastWave2014: #GOPDebate remember when Cruz told the truth? yeah me either.. another #CruzLie https://t.co/HiZMXRGEHj|
|negative|,|RT @LauraWalkerKC: How the hell has anyone taken anything Trump says seriously?   The man is a BUFFOON.  He can't answer anything in detailÇè_Çè_|
|negative|,|RT @LiberalMmama: WTF does any of this have to do with Trump's violent&racist rallies??  #NeverTrump #GOPDebate|
|negative|,"|RT @LindaLeeJones11: #Cruz, your campaign is funded by Super-pacs, Goldman Sachs. Citibank and Club for Growth. Who are you fooling Ted? #GÇè_Çè_|"
|positive|,"|RT @LindaSuhler: Congratulation, friends. Tonight you met President Donald Trump. America wins.  #GOPDebate #Trump2016|"
|positive|,|RT @LindaSuhler: Trump ALWAYS takes the time in the #GOPDebate to thank our law enforcement. Mensch. #GOPDebate #Trump2016|
|negative|,|RT @linnyitssn: It's the Black President's fault that Donald Trump's militia beat Black People after Donald Trump said he'd love to beat thÇè_Çè_|
|negative|,"|RT @loudlong: Trump: protesters at my rallies were ""really dangerous, bad dudes who've done bad things."" Like speak freely. And get punchedÇè_Çè_|"
|positive|,"|RT @loudobbsnews: Trump proved he can be constrained for two hours, calm despite provocation  Great work, great close. Great Job. #Dobbs #GÇè_Çè_|"
|positive|,|RT @Lrihendry: This was #trump's best debate thus far!! Trump was on point and very presidential! #GOPDebate #Trump2016|
|positive|,"|RT @Lynnvaa: #GOPDebate #TedCruz: Çè_Çè_I know these bureaucrats. IÇè_Çè_ll find them and fire them"" hit 100% with a focus group   https://t.co/rUEwdÇè_Çè_|"
|positive|,|RT @marcorubio: Last night's #GOPDebate made it clear who was prepared and who has the best grasp of the issues facing our country. https:/Çè_Çè_|
|positive|,"|RT @marksmile100: Here you got it President Trump he could be very presidential now Florida, Ohio vote for #Trump2016 on March 15 @realDonaÇè_Çè_|"
|negative|,"|RT @MashableNews: Trump decries H1B visa and then admits he uses it. ""I'm a businessman, I have to do what I have to do."" #GOPDebate https:Çè_Çè_|"
|negative|,"|RT @MattOswaltVA: Trump is playing it cool tonight, like teenage Hitler at a flea market trying to sell his paintings #GOPDebate|"
|negative|,"|RT @MattWalshBlog: After spending 8 months mocking, belittling, and threatening everyone, Trump now calls for ""unity."" How inspiring. #GOPDÇè_Çè_|"
|negative|,"|RT @MichaelRinker: Trump called Reagan a ""great President"" but voted against him in 1980 & 1984...called him a ""fraud"" in 1988. #GOPDebate|"
|negative|,"|RT @michcoll: Has Trump made it clear how he plans on solving this ""anti-American Muslim hate""? I'm prepping myself for something level-heaÇè_Çè_|"
|negative|,"|RT @MLynnRN: Trump just proudly boasted, ""I've been a member of the other side for most of my life."" Are y'all paying attention?! #GOPDebatÇè_Çè_|"
|positive|,|RT @MS70Life: Trump put the nomination away tonight. Anyone who thinks differently isn't being honest w/ themselves.  #GOPDebate|
|negative|,"|RT @N1K0LAK1: In a bid for Jewish billionaire support, Rubio announces FP brain-trust of disloyal Domestic Israelis. #GOPDebate https://t.cÇè_Çè_|"
|neutral|,"|RT @NewDay: ""I just found this to be a very elegant evening"" -- @realDonaldTrump on the #GOPDebate https://t.co/Dc9UZ5OdIW https://t.co/icMÇè_Çè_|"
|negative|,|RT @newsbusters: .@CNN #GOPDebate Fails to Ask Trump About Campaign Manager Allegedly Bruising @michellefields #TTT16 https://t.co/kX9prsEdÇè_Çè_|
|negative|,"|RT @nightlyshow: Trump, we need to see a Top 8 or something with all these friends you speak of. #GOPDebate|"
|neutral|,|RT @nowthisnews: Donald Trump isn't the only candidate supporting the idea of building a wall #GOPDebate  https://t.co/HmXnMGegPP|
|negative|,|RT @Object_InSpace: I hope we continue to ignore Donald Trump because I want to see how long it takes for him to whine about it. #GOPDebate|
|negative|,|RT @OneTokenBlack: Ted Cruz did that closing statement like it was an Eminem lose yourself singalong. #GOPDebate|
|negative|,"|RT @pattonoswalt: ""There is a doorway made of screaming hornets. Make a key from my ribcage. Pass the threshold. I die in dreams."" -- Cruz Çè_Çè_|"
|negative|,"|RT @PaulBrittain3: But Mr. Trump, what is your stance on deals and the making of deals? #GOPDebate|"
|negative|,|RT @peddoc63: Yes! Trump knows system because he's been part of the system for 40yrs! He's not going 2fix problems! He's part of the probleÇè_Çè_|
|positive|,|RT @PolitiFact: Kasich likes to take credit for helping balance the federal budget. He should. https://t.co/tKl1lcCUuW #GOPDebate https://tÇè_Çè_|
|positive|,"|RT @PruPaine: omgÇè_Çè_Trump calls the 1237 delegates required to win nomination ""an arbitrary number."" He has no idea it's a simple majority. 5Çè_Çè_|"
|negative|,"|RT @realJasonTor: During the debate, Marco Rubio sounded more passionate about Cuba than he EVER has about America. #GOPDebate|"
|negative|,|RT @ReignitePromise: It doesn't bother Trump that numbers don't add up because he's used to operating in the red. #GOPDebate #bailouts|
|negative|,|RT @rok6611: #GOPDebate donald #trump just punched a cat see it here exclusivly on the @SuperUglyShow https://t.co/3nYlGAiVSl https://t.co/Çè_Çè_|
|negative|,|RT @RonNehring: For foreign policy credentials Trump points to how he marched in a parade. #GOPDebate|
|negative|,|RT @roywoodjr: Trump always look like a dude who losing an argument with his girl #GOPDebate https://t.co/ay3ouLNpfq|
|negative|,|RT @RubenAvxhiu: Trump is the most political correct out there. Doesn't dare to admit not all Muslims are terrorists A lackey of strategy Çè_Çè_|
|negative|,|RT @rumpfshaker: Female reporter is assaulted WITH WITNESSES & AUDIO RECORDING and Trump calls her a liar. #GOPDebate #waronwomen  https://Çè_Çè_|
|negative|,"|RT @ryanstruyk: Trump calls a majority -- 50 percent plus one -- a core idea in mathematics, a ""very random number"" that was ""set by someboÇè_Çè_|"
|negative|,"|RT @Salon: Donald Trump minimizes the violence of his supporters, says protesters are ""bad dudes""  https://t.co/9aDQ24tThB #GOPdebate|"
|negative|,|RT @SarahKSilverman: TRUMP: ... And I want the other side to think I'm neutral. They don't have tvs right? #GOPDebate|
|negative|,|RT @SarahKSilverman: Trump: terrorists are monsters we should be like them #GOPDebate|
|negative|,"|RT @SSWorks: At last night's #GOPDebate, Donald Trump came out AGAINST expanding #SocialSecurity. The American people disagree. https://t.cÇè_Çè_|"
|neutral|,"|RT @stephenfhayes: Trump: ""Women are treated horribly."" #GOPdebate|"
|neutral|,|RT @TheAdvocateMag: Kasich on Tianenmen Square: The Chinese government butchered those kids. #GOPDebate|
|negative|,"|RT @thedailybeast: Hi, @jaketapper @cnn, why didn't you ask about Trump's campaign manager assaulting a female reporter? https://t.co/6LMZQÇè_Çè_|"
|neutral|,"|RT @thedailybeast: Trump: ""Ted has super PACs...There is total control over the candidates."" #gopdebate|"
|negative|,"|RT @TheDailyEdge: Cruz: ""We need to show respect to the people. Except the gays. I will carpet bomb the gays"" #CNNDebate #GOPDebate https:/Çè_Çè_|"
|negative|,|RT @TheDailyEdge: Ted Cruz is the candidate for voters who thought Todd Aiken was too moderate #GOPDebate|
|negative|,|RT @TheDailyEdge: Trump's plan to end racism in America: negotiate terrific trade deals #HeProbablyNeedsToExplainItBetter #GOPDebate|
|positive|,|RT @TheeCurrentYear: Trump has good reasons for be critical of islam. #GOPDebate https://t.co/qXR4g6s7rU|
|positive|,"|RT @theonlyadult: Rubio: ""God blessed this country"". I agree. #GOPDebate #CNNDebate https://t.co/da9S28NRsN|"
|negative|,|RT @thinkprogress: Rubio rejects plea from Republican mayor of Miami to accept scientific consensus on climate change https://t.co/8E7KSPHHÇè_Çè_|
|positive|,|RT @TomRtweets: Excellent answer by Rubio. Finest so far. #GOPDebate|
|positive|,|RT @tponews: You can tell who's the leader from this single shot! #GOPDebate #CNN #FoxNews #Trump #MakeAmericaGreatAgain https://t.co/qwQOaÇè_Çè_|
|neutral|,|RT @trendincontent: Cruz: I'm fine with contested convention https://t.co/khnKwgR6eA #GOPDebate https://t.co/uk8rajOn71|
|negative|,|RT @trtx84: Trump calling for the GOP to embrace new people coming to the party.  Referring to the KKK and white supremacists of course. #GÇè_Çè_|
|negative|,"|RT @TrucksHorsesDog: Çè_Çè_Well, IÇè_Çè_m a business man, and I do what I have to doÇè_Çè_Çè_Çè_ Donald Trump on every question about economics  #TrumpertantruÇè_Çè_|"
|neutral|,"|RT @trump_world: Trump about 'Islam. ""A lot of them hates us."" #Trump2016  'DEATH TO AMERICA!' It's real. #GOPDebate #Trump2016 https://t.cÇè_Çè_|"
|positive|,|RT @TrumpStudents: Donald Trump's closing statement - #GOPDebate #TeamTrump #Trump2016 #MakeAmericaGreatAgain https://t.co/A3lldTXc5Q|
|positive|,|RT @TrumpStudents: What did @realDonaldTrump do tonight... He was EXTREMELY presidential #GOPDebate #Trump #TrumpTrain #Trump2016|
|negative|,|RT @ucmerced: Analysis: #Trump speaks at 4th-grade level & itÇè_Çè_s catching on among rivals. #GOPDebate https://t.co/twwVLT7zuX https://t.co/fÇè_Çè_|
|neutral|,|RT @UFOChronicles: Gov. John Kasich First To Utter '#UFO' in Debate https://t.co/m9Izag8O3V #2016 #cnn #florida #gop #gopdebate|
|neutral|,|RT @USAHipster: Donald Trump discussed Muslim chants of 'DEATH TO AMERICA!' It's real. #GOPDebate #Trump2016 https://t.co/hdqJzfGPYF|
|negative|,|RT @VanJones68: Not one GOP candidate strongly denounced the violent attacks by @realDonaldTrump thugs at Trump rallies. Shame! #GOPDebate Çè_Çè_|
|negative|,|RT @vmpcott: Trump boasts that he is enlarging the Republican Party; but he is bringing in Dems b/c He is a Progressive.  #CNNDebate  #GOPDÇè_Çè_|
|negative|,"|RT @YourAnonNews: Trump celebrating police brutality, wild applause #GOPDebate|"
|negative|,|Stories like this remind me that our SA #politicans aren't so unusual - #Trump raised his dick size mid #GOPDebate: https://t.co/TciPjOLM58|
|negative|,|Trump finally seems exhausted. He was very tired tonight. #GOPDebate #Trump #lowenergy|
|negative|,"|Trump fond of saying polls say he won debate, polls say he beats Hillary. Does he know what a poll is? #GOPDebate|"
|positive|,|Trump is correct about pharmaceutical industry #GOPDebate|
|negative|,|You understood #America? You can't laugh at me about #Berlusconi ever again!! Now you have #Trump lol #GOPDebate|
