"","id","text","sentiment"
"1",1,"RT @Chris_Dignam: Another #TrumpRally    another senseless assault https://t.co/9Hcdk2sIJ7 #Trump #GOPDebate","Negative"
"2",2,"If @CNN asks #Trump abt pledges at rally's   can they also talk about #Obama? #Trump2016 #GOPDebate #CNNDebate #CNN https://t.co/tyw5t2ShZs","Neutral"
"3",3,"RT @immigrant4trump: Luther Campbell on CNN ""Rappers will support Trump.Trump taps into what people won't say aloud""#Trump2016 #GOPDebate h…","Positive"
"4",4,"RT @JoePrich: @MichelleFields  this entire thing was a HOAX designed to put Trump on the defensive before the #GOPdebate","Positive"
"5",5,"Considering how aggressively the GOP has campaigned against Trump   they must not plan on him being the nominee #GOPDebate","Negative"
"6",6,"#GOPDebate Would you move to Canada if Trump became President ? https://t.co/7norhcUUZb https://t.co/qna9LONRSE","Negative"
"7",7,"RT @immigrant4trump: Trump: 'Politicians are all talk   no action' Look? https://t.co/CnYQ1FC8KF #Trump2016 #GOPDebate #Florida #FLPrimary h…","Negative"
"8",8,"#gopdebate #Trump #MemeHistory #BrownAndUnbothered #donaldtrump TheVulgarPuppy @YouTube https://t.co/GU8IQP1b1A https://t.co/5UaxFpchet""""""","Neutral"
"9",9,"What will Trump lie about first tonight? #GOPDebate","Negative"
"10",10,"RT @Art05hr3d: https://t.co/x2msN81vwI #OhioPrimary #FloridaPrimary  #Trump2016 #GOPDebate  #MakeAmericaGreatAgain Carpe Diem https://t.co/…","Neutral"
"11",11,"Trump looking around during the #MomentOfSilence for Nancy Reagan. #GOPDebate","Negative"
"12",12,"RT @immigrant4trump: The American people are DONE with career politicians VOTE FOR TRUMP! #Trump2016 #VoteTrump #FLPrimary #GOPDebate htt…","Positive"
"13",13,"RT @WesleyRickard: Sue Everhart GOP Chairman Georgia Endorses Donald J Trump for President #NC #FL #OH #MO #IL #DC #GOPDebate  #jpnet https…","Positive"
"14",14,"RT @MIAMIforTRUMP: Don't forget! ?????The Media lies!????? #MakeAmericaGreatAgain #Trump2016 #TrumpRally #TrumpTrain #TRUMP #GOPDebate http…","Positive"
"15",15,"RT @ladies4trump: #GOPDebate - let's increase the hashtags- and really pull for him tonight! It's our job as #trump troopers to get our mes…","Positive"
"16",16,"RT @tgradous: #Trump Has The Lowest Favorability Ratings EVER For a Frontrunner https://t.co/HDXsoYyS5o… #GOPDebate #NeverTrump https://t.c…","Negative"
"17",17,"RT @seccathaholic: The emcee of the #GOPDebate keeps telling the audience to be civilized and respectful. Tell that to Trump","Negative"
"18",18,"RT @BlackIrishI: Trump Displays Fake Trump Steaks And Water During Victory Speech https://t.co/FuQhVOaIxY via @totalfratmove / #GOPDebate #…","Negative"
"19",19,"@realDonaldTrump CNN #GOPDebate moments away. Go Trump! TRUMP 2016!","Positive"
"20",20,"RT @WayneDupreeShow: Caller 1 from SW Virginia - I am insulted by anti-Trump supporters Call in ? 202 470 6738 https://t.co/cSgpDM32HO #T…","Positive"
"21",21,"RT @immigrant4trump: MSM always showing Trump Protesters  but won't show protesters for other candidates @jaketapper #Trump2016 #GopDebate h…","Positive"
"22",22,"RT @ACBadBeat: Der Furher #Trump has not yet tweeted today. Maybe he's studying for #GOPDebate at #TrumpUniversity (Idiot!) #NeverTrump","Negative"
"23",23,"RT @WayneDupreeShow: Caller 5  from NY- I voted for Bill Clinton   now I am switching to Trump Call in ? 202 470 6738 https://t.co/cSgpDM…","Positive"
"24",24,"RT @c314smiley: Trump's modeling agency broke immigration laws   attorneys say https://t.co/YqC1MbuYZR via @CNNMoney  #NeverTrump #GOPdebate","Negative"
"25",25,"#GOPDebate Carly is a liar--Trump supporters are not smart.","Negative"
"26",26,"RT @JasonBBenham: The saddest part of the #GOPDebate  is that no matter how childish #Trump gets many people are loving every minute of it.","Negative"
"27",27,"CNN: We're not biased for Trump! But you have to admire… Not that I like him but… How dare you say we're perpetuating Trump! #GOPDebate","Neutral"
"28",28,"RT @KinielCat: Trump cannot stand still during the moment of silence for Nancy Reagan. He may ACTUALLY be a 1st grader. #GOPDebate","Negative"
"29",29,"Trump is the kind of guy that would treat his house elf poorly. #GOPDebate","Negative"
"30",30,"RT @immigrant4trump: ?Trump = ACCOMPLISHED BUSINESSMAN ?Hillary= ACCOMPLISHED CRIMINAL ?https://t.co/CnYQ1FC8KF …  #Trump2016 #GopDebate htt…","Positive"
"31",31,"RT @immigrant4trump: MSM always showing Trump Protesters  but won't show protesters for other candidates @jaketapper #Trump2016 #GopDebate h…","Positive"
"32",32,"If I were funnier I would be Donald Trump. #GOPDebate","Negative"
"33",33,"#GOPDebate  Totally in heaven with BOTH @secupp  AND @kayleighmcenany  in bright red   sparring brilliantly over Trump's virtues & vices. mm!","Neutral"
"34",34,"What's the difference between @realDonaldTrump and Hitler? We can stop Trump before it is too late. Go out and vote #GOPDebate #vote #trump","Negative"
"35",35,"All this pre-debate talk about ""Trump Steaks"" really makes me want steak... #GOPDebate #CNNDebate","Neutral"
"36",36,"RT @OccupyWallStNYC: All evidence suggests the Trump campaign is lying about manhandling a reporter #GOPDebate https://t.co/sBgmYtKRMg http…","Negative"
"37",37,"RT @USAforTrump2016: CNN Republican Debate TONIGHT! 8:30pm! Tune in and support @realDonaldTrump #TrumpTrain #TeamTrump #Trump #GOPDebate #…","Positive"
"38",38,"Maybe we will be lucky and Trump will talk about his weiner again tonight. #GOPDebate #CNNDebate","Negative"
"39",39,"RT @immigrant4trump: The American people are DONE with career politicians VOTE FOR TRUMP! #Trump2016 #VoteTrump #FLPrimary #GOPDebate htt…","Positive"
"40",40,"Yup ... CNN just used a @HouseofCards quote ahead of #GOPDebate re: Trump. ""Public opinion doesn't have a law degree.""","Neutral"
"41",41,"RT @MIAMIforTRUMP: Don't forget! ?????The Media lies!????? #MakeAmericaGreatAgain #Trump2016 #TrumpRally #TrumpTrain #TRUMP #GOPDebate http…","Positive"
"42",42,"Bottom line   Trump won Michigan by over 160K votes! No glory in 2nd or 3rd in a 3 1/2 man race! #GOPdebate  https://t.co/tUpmtUMMx1","Positive"
"43",43,"RT @awzurcher: Who is going to take a metaphorical bat to Trump tonight at the #GOPDebate in Florida? https://t.co/RzhY0LzyiM","Negative"
"44",44,"All out war tonight on the #GOPDebate.CNN is VERY biased and favors the DNC. Trump will be attacked. No relevant questions   just biased crap","Neutral"
"45",45,"RT @livenewscloud: Who is your choice for President of the United States? #Election2016 #GOPDebate #Trump #HillaryClinton #FeelTheBern","Neutral"
"46",46,"RT @WayneDupreeShow: Caller 5  from NY- I voted for Bill Clinton   now I am switching to Trump Call in ? 202 470 6738 https://t.co/cSgpDM…","Positive"
"47",47,"RT @immigrant4trump: ?Trump = ACCOMPLISHED BUSINESSMAN ?Hillary= ACCOMPLISHED CRIMINAL ?https://t.co/CnYQ1FC8KF  #Trump2016 #GopDebate htt…","Positive"
"48",48,"OHHHH Anderson....you could broadcast Bernie or Hillary but you don't. You have TRUMP on b/c of the FECES THROWING he provides #GOPDebate","Negative"
"49",49,"RT @immigrant4trump: The American people are DONE with career politicians VOTE FOR TRUMP! #Trump2016 #VoteTrump #FLPrimary #GOPDebate htt…","Positive"
"50",50,"RT @scottienhughes: Serious last night but smiling as today is #GOPDebate day Miami! Will #Trump get 2 talk policy? @wolfblitzer @CNN https…","Neutral"
"51",51,"#Trump is moving like an old man. #GOPDebate","Negative"
"52",52,"RT @VickiGP1: …Malignant And Psychopathic… Donald Trump? Expert Studies 600 Hours Of #Trump Footage #GOPDebate #FLPrimary   https://t.co/Im…","Negative"
"53",53,"RT @Saint_Obama: So in Donald Trump's world it's ok to harass & bruise reporters because you think they are not friendly to your campaign? ","Negative"
"54",54,"RT @ChristiChat: Shame on #MittRomney! His actions made his wife look like an ass #Trump2016 #GOPDebate #TCOT https://t.co/KMH8N09MkT","Positive"
"55",55,"RT @darth: candidates all backstage feasting on trump steaks and drinking trump wine rn #GOPDebate","Neutral"
"56",56,"RT @JessicaChasmar: Whether the ""yank"" happened or not   #Trump has condoned violence at his rallies and needs to be confronted on it tonigh…","Negative"
"57",57,"So in Donald Trump's world it's ok to harass & bruise reporters because you think they are not friendly to your campaign? Really? #GOPdebate","Negative"
"58",58,"RT @whignewtons: Trump only candidate who doesn't bow his head or close his eyes for moment of silence for Nancy Reagan. #GOPDebate","Negative"
"59",59,"Donald Trump will destroy the competition tonight in the #GOPDebate on @CNN . Its obvious that he is the nominee okay @MittRomney","Positive"
"60",60,"RT @nepafortrump: @DanScavino @realDonaldTrump GET YOUR TICKETS (VIP Seating SOLD OUT) #GOPDebate #TeamTrumpPA https://t.co/cAjemldxaM http…","Positive"
"61",61,"RT @tgradous: #Trump Has The Lowest Favorability Ratings EVER For a Frontrunner https://t.co/HDXsoYyS5o… #GOPDebate #NeverTrump https://t.c…","Negative"
"62",62,"RT @Terrence_CFP: Video: Black Man Punched In Face At #Trump Rally https://t.co/m5txOWWIDr via @thinkprogress #GOPDebate","Negative"
"63",63,"#GOPDebate Trump's or Drumph's rallies are getting way to alike with what went on in Nuremberg!","Negative"
"64",64,"Trump is already pissed. #GOPDebate","Neutral"
"65",65,"What are the odds Trump shows up for tonight's #GOPDebate as a hundred foot hologram on a throne?","Negative"
"66",66,"RT @GottaLaff: #GOPDebate Moment of silence for Nancy Reagan: #Trump kept his eyes open   saw others had theirs closed   closed his   opened t…","Negative"
"67",67,"RT @WayneDupreeShow: Caller 5  from Pittsburgh -Close to 50K have switched to GOP to support Trump Call in ? 202 470 6738 https://t.co/cS…","Positive"
"68",68,"RT @immigrant4trump: The American people are DONE with career politicians VOTE FOR TRUMP! #Trump2016 #VoteTrump #FLPrimary #GOPDebate htt…","Positive"
"69",69,"RT @igorvolsky: Trump vows to repeal Obamacare   which means 129 million Americans with pre-existing conditions could lose their coverage #G…","Negative"
"70",70,"RT @MissMandi00: Should we take bets on which #Trump shows up tonight? The milder version or the whiney   got his panties in a knot version!…","Negative"
"71",71,"RT @mVespa1: So   is anyone going to ask Trump about this tonight? https://t.co/DsS6uQCnAi #tcot #GOPdebate","Neutral"
"72",72,"RT @scottienhughes: You know it's going to be a great night when you U run into @AnnCoulter before #GOPDebate #Trump https://t.co/F36lSkkqXw",""
"73",73,"RT @pattonoswalt: Trump does sun salutations before tonight's #GOPDebate. https://t.co/wG7MjJLIel","Negative"
"74",74,"RT @VickiGP1: Donald #Trump broke anti-discrimination laws to keep a mob boss gambling at his casinos   fined #200  000 #GOPDebate  https://t…","Negative"
"75",75,"RT @cheapshot89: Cartoon of the Day 3/4/16: #GOPDebate #Trump2016 #Trump #GOP @realDonaldTrump https://t.co/cOPhHhE9NO","Positive"
"76",76,"RT @pattonoswalt: Trump does sun salutations before tonight's #GOPDebate. https://t.co/wG7MjJLIel","Negative"
"77",77,"Trump opened his eyes in the middle of the moment of silence.  REAGAN HATER CONFIRMED.  #GOPDebate","Negative"
"78",78,"RT @AllyGeighter: Not watching this one. Can't stand sound of Trump's little voice coming out of that little fish mouth as he waves his tin…","Negative"
"79",79,"RT @immigrant4trump: Florida Vote For Trump ""March 15"" #FLPrimary #FloridaPrimary #Trump2016 #GOPDebate #AlwaysTrump Watch Video: https://t…","Positive"
"80",80,"So RNC is embracing Trump's inevitability? Priebus stating lets agree whoever the nominee is   we all support him. #GOPDebate","Positive"
"81",81,"RT @immigrant4trump: The American people are DONE with career politicians VOTE FOR TRUMP! #Trump2016 #VoteTrump #FLPrimary #GOPDebate htt…","Positive"
"82",82,"RT @JamesPindell: Just heard @JohnKingCNN say ""enormous steaks."" I guess we are still talking about Trump products #GOPDebate","Negative"
"83",83,"RT @jiadarola: If they want to one up all the dick talk from the last #GOPDebate we're gonna need info on Trump's taint.","Negative"
"84",84,"RT @immigrant4trump: The American people are DONE with career politicians VOTE FOR TRUMP! #Trump2016 #VoteTrump #FLPrimary #GOPDebate htt…","Positive"
"85",85,"Donald Trump is literally inspiring heavy drug users to get clean #GOPDebate #TrumpTrain  https://t.co/iUrcgq2zkw","Positive"
"86",86,"Trump cannot stand still during the moment of silence for Nancy Reagan. He may ACTUALLY be a 1st grader. #GOPDebate","Negative"
"87",87,"Republican debate is NOT ""breaking news  "" CNN. Make Trump news media's president   and then we get who we want. #trdebates #GOPDebate","Positive"
"88",88,"RT @DbSassssa: Donald Trump is unstoppable #VoteTrump #GOPDebate https://t.co/5NOKsVnseR","Positive"
"89",89,"RT @ameripundit: So   who has the stomach to watch another Trump-bashing cage match tonight? 8:30 EST CNN  #GOPDebate https://t.co/oyxNz4G4Xa","Neutral"
"90",90,"RT @AnyoneButDTrump: Trump's strategy for the #GOPDebate tonight: https://t.co/mNAobeY7d9","Negative"
"91",91,"RT @WayneDupreeShow: Caller 24 from ARK  - CAIR news conf today was establishment hit on Trump Call in ? 202 470 6738 https://t.co/cSgpDM…","Neutral"
"92",92,"The Real Donald Trump #GOPDebate #FloridaPrimary #Florida  https://t.co/8h4xI78FYF","Neutral"
"93",93,"Crazy stupid Racist trump supporters compilation @youTube https://t.co/pOeNeZXW5A @realDonaldTrump Koolaid Drinker #GOPdebate #CNN #MTV","Negative"
"94",94,"RT @Trump2016Donald: Trump signs EVERYWHERE in Ohio! #OHPrimary #OhioPrimary #Trump2016 #TrumpTrain #MakeAmericaGreatAgain #GOPDebate https…","Positive"
"95",95,"RT @9a1e6c8a99984e2: Not A Single One Of @realDonaldTrump 75 Statements Fact Checked Hey  #Trump Stop Lying Man ! #GOPDebate ? #DemDebate h…","Negative"
"96",96,"RT @immigrant4trump: Luther Campbell on CNN ""Rappers will support Trump.Trump taps into what people won't say aloud""#Trump2016 #GOPDebate h…","Positive"
"97",97,"RT @scottienhughes: Serious last night but smiling as today is #GOPDebate day Miami! Will #Trump get 2 talk policy? @wolfblitzer @CNN https…","Neutral"
"98",98,"Back-to-back Anti-Trump ads? Where was this in 2015? #GOPDebate","Neutral"
"99",99,"RT @USAforTrump2016: CNN Republican Debate TONIGHT! 8:30pm! Tune in and support @realDonaldTrump #TrumpTrain #TeamTrump #Trump #GOPDebate #…","Positive"
"100",100,"RT @pattonoswalt: Trump does sun salutations before tonight's #GOPDebate. https://t.co/wG7MjJLIel","Negative"
"101",101,"If Trump is the nominee    I know a lot of folks    including myself    that will LEAVE the GOP to become independents!! #GOPDebate","Negative"
"102",102,"RT @immigrant4trump: MSM always showing Trump Protesters  but won't show protesters for other candidates @jaketapper #Trump2016 #GopDebate h…",""
"103",103,"RT @jiadarola: So is Donald Trump going to pay for that racist's court costs? #GOPDebate","Negative"
"104",104,"RT @immigrant4trump: The American people are DONE with career politicians VOTE FOR TRUMP! #Trump2016 #VoteTrump #FLPrimary #GOPDebate htt…","Positive"
"105",105,"RT @immigrant4trump: The American people are DONE with career politicians VOTE FOR TRUMP! #Trump2016 #VoteTrump #FLPrimary #GOPDebate htt…","Positive"
"106",106,"RT @WesleyRickard: Representative Jim Carns AL Endorses Donald J Trump for President of the United #FL #GOPDebate #OH #IL #CPAC #ccot https…","Positive"
"107",107,"RT @toddstarnes: In fairness Trump may have thought the other candidates were bowing their heads out of reverence to him. #GOPDebate","Negative"
"108",108,"RT @ACBadBeat: Der Furher #Trump has not yet tweeted today. Maybe he's studying for #GOPDebate at #TrumpUniversity (Idiot!)  #NeverTrump","Negative"
"109",109,"RT @NumbersMuncher: Jake Tapper currently explaining the rules of the #GOPDebate as if anyone is going to make sure Donald Trump actually h…","Negative"
"110",110,"RT @voteTrumpyes: It's almost Time for the #GOPDebate!! Donald Trump will have a Great Night!! #VoteTrump https://t.co/twBuToDKkO","Positive"
"111",111,"GOP chairman takes all the teeth out of any trump criticism before the debate even starts #GOPDebate","Positive"
"112",112,"Trump talked about his genitalia in the last #GOPDebate. I wonder what's gonna happen tonight","Negative"
"113",113,"Watching tonight's #GOPDebate? Hear what Trump's AZ campaign chairman said about ISIS/U.S.-Mexico border... https://t.co/NZbROjqN5C #abc15","Neutral"
"114",114,"RT @VickiGP1: Donald #Trump broke anti-discrimination laws to keep a mob boss gambling at his casinos   fined #200  000 #GOPDebate  https://t…","Negative"
"115",115,"Trump should be asked if he will fire his campaign manager in the #GOPDebate","Negative"
"116",116,"The Buck Stops . . . Over There. Like Obama   Trump Always Blames Others. https://t.co/7FPYw9PVtM #gopdebate","Negative"
"117",117,"RT @WomanVote: #GOPDebate @thehill #Trump has a pattern of HATE! #GOP #No2KKK #FireWallHate #USlatino #BlackVote #Youth Response -> https:/…","Negative"
"118",118,"I will not support Donald Trump. Sorry not sorry @Reince #GOPDebate","Negative"
"119",119,"How many times will TRUMP TALK ABOUT HIS DICK SIZE????  #GOPDebate","Negative"
"120",120,"RT @eScarry: Anderson Cooper says there are ""Enormous steaks"" tonight   presumably referring to Trump Steaks. #GOPDebate","Negative"
"121",121,"RT @pattonoswalt: Trump does sun salutations before tonight's #GOPDebate. https://t.co/wG7MjJLIel","Negative"
"122",122,"RT @immigrant4trump: Luther Campbell on CNN ""Rappers will support Trump.Trump taps into what people won't say aloud""#Trump2016 #GOPDebate h…","Positive"
"123",123,"RT @Veteran4Trump: Herschel Walker - Shut Up to @MittRomney ... You're a Loser!  ""Trump will save America"" https://t.co/z2l0QNxhBw #AlwaysT…","Positive"
"124",124,"@realDonaldTrump STRATEGY 4 2Nites debate: BE VERY PRESIDENTIAL&DEBATE ON ISSUES! Don't stoop to their level or take bait. #TRUMP #GOPDEBATE","Positive"
"125",125,"RT @pattonoswalt: Six minutes. Six minutes. Six minutes   Douch-ey Trump   you're on. #GOPDebate","Negative"
"126",126,"RT @tgradous: Donald Trump Stiffed Casio Builders While Spending ?1 Million https://t.co/jKq6e5WJ6f #GOPDebate #NeverTrump https://t.co/uw…","Negative"
"127",127,"RT @Ward4Anderson: According to a recent report #Republicans contribute to veterans suicides! @SpeakerRyan #Trump #GOPDebate  https://t.co/…","Neutral"
"128",128,"I don't believe a word #Reince has to say #Trump has been loyal to his pledge #GOP has betrayed us!#GOPDebate #CNN https://t.co/4T6wYTKae4","Positive"
"129",129,"RT @RedheadAndRight: Trump must be thinking   not another meaningless   biased debate. Mr. Trump   we feel for you. #GOPDebate @realDonaldTrump","Positive"
"130",130,"RT @KyleKulinski: The comically ignorant Trump supporter who called the KKK a 'leftist terrorist organization' is still on CNN. #GOPDebate","Negative"
"131",131,"It's hard to talk to Trump on the issues #CNN... He doesn't have any substantial ones. #GOPDebate","Negative"
"132",132,"RT @peddoc63: Jeb Bush was a good governor. I hope he endorses Cruz. Everyone should support Cruz. He's a fighter & winner! #GOPDebate #Flo…","Positive"
"133",133,"RT @Chamberlain1973: Bush Family Member Endorses #TedCruz! #FLPrimary #ILPrimary #MOPrimary #NCPrimary #OHPrimary #GOPDebate #VOAV https://…","Positive"
"134",134,"RT @ameripundit: POLL: Will Ted Cruz have another 'booger' in his nose during tonight's CNN-hosted #GOPDebate?","Negative"
"135",135,"RT @Chamberlain1973: Bush Family Member Endorses #TedCruz! #FLPrimary #ILPrimary #MOPrimary #NCPrimary #OHPrimary #GOPDebate #VOAV  https:/…","Positive"
"136",136,"RT @peddoc63: Jeb Bush was a good governor. I hope he endorses Cruz. Everyone should support Cruz. He's a fighter & winner! #GOPDebate #Flo…","Positive"
"137",137,"RT @Notnow71: Even though Cruz looks & sounds like Jim Jones nobody drinks his kool aid except for the zealots #GOPDebate  https://t.co/flr…","Negative"
"138",138,"My Friends we have a choice! Democrats favorite deal maker or Ted Cruz! #ChooseCruz #CruzCrew #Pjnet #GOPDebate https://t.co/zPgA1X7ko1","Positive"
"139",139,"#Disturbing!!!! Watch Ted Cruz coach his family through a campaign ad shoot. #CruzCrew #TedCruz #GOPDebate https://t.co/MJHmfDgudG","Negative"
"140",140,"RT @ImAmandaNelson: Hi Mr. Cruz when you're elected are the Handmaids going to be required to wear red because that clashes with my complex…","Negative"
"141",141,"RT @DarleneHBrook: New Gallup Poll Shows #TedCruz W/ Highest #GOP Favorable Rating https://t.co/XLqNl9kP9L #GOPDebate #1A #2A #CruzCrew htt…","Positive"
"142",142,"RT @Dannerism: TONIGHT: Cruz missile vs Bronx cheerleader #GOPDebate .@qnoftherealm @zoumrouda @tracieeeeee @RedNationRising @RNRTexas @ate…","Positive"
"143",143,"RT @TFinn82: Thing with watching Cruz debate   I never worry that he'll say something stupid. :) #GOPDebate","Positive"
"144",144,"RT @NARAL: Ted Cruz has touted his commitment to the Constitution   but wants to deny women their constitutional right to an abortion. #GOPD…","Negative"
"145",145,"RT @ImAmandaNelson: Hi Mr. Cruz when you're elected are the Handmaids going to be required to wear red because that clashes with my complex…","Negative"
"146",146,"RT @Elisabeth242: Looks like Ted Cruz Is BEST!! #GOPDebate https://t.co/zBWqGsJIKR","Positive"
"147",147,"RT @TheDailyEdge: Ted Cruz: I will defend your rights to discriminate against gays. Gays are the real terrorists #GOPDebate https://t.co/di…","Negative"
"148",148,"Why no Canadian national anthem for Ted Cruz tho? ???????? #GOPDebate","Negative"
"149",149,"RT @ReutersLive: LIVE: Ted Cruz campaigns in Miami ahead of #GOPDebate. https://t.co/CCjw12RrUm https://t.co/zAJjgPe0zG","Neutral"
"150",150,"#GOPDebate Cruz said everything but the 47%","Negative"
"151",151,"RT @DarleneHBrook: New Gallup Poll Shows #TedCruz W/ Highest #GOP Favorable Rating https://t.co/XLqNl9kP9L #GOPDebate #1A #2A #CruzCrew htt…","Positive"
"152",152,"RT @weeklystandard: .@tedcruz says Americans ""are interested in solutions   not slogans."" https://t.co/bWrSUaTm9q #gopdebate https://t.co/SU…","Positive"
"153",153,"RT @peddoc63: My Friends we have a choice! Democrats favorite deal maker or Ted Cruz! #ChooseCruz #CruzCrew #Pjnet #GOPDebate https://t.co/…","Positive"
"154",154,"RT @ameripundit: POLL: Will Ted Cruz have another 'booger' in his nose during tonight's CNN-hosted #GOPDebate?","Negative"
"155",155,"#GOPDebate Forina pushing the VAT pushing Cruz. Both a corporation wrecker. Look at that Face. Follow her over a cliff at your own risk","Neutral"
"156",156,"RT @ameripundit: POLL: Will Ted Cruz have another 'booger' in his nose during tonight's CNN-hosted #GOPDebate?","Negative"
"157",157,"RT @Liampcahill: When I hear Ted Cruz talk #GOPDebate https://t.co/z87Hw7eb4L","Negative"
"158",158,"RT @N1K0LAK1: #Disturbing!!!! Watch Ted Cruz coach his family through a campaign ad shoot. #CruzCrew #TedCruz #GOPDebate https://t.co/MJHmf…","Negative"
"159",159,"RT @ReutersLive: LIVE: Ted Cruz campaigns in Miami ahead of #GOPDebate. https://t.co/CCjw12RrUm https://t.co/zAJjgPe0zG","Neutral"
"160",160,"This show of patriotism opening the #gopdebate seems weird considering these candidates (except maybe Kasich)","Positive"
"161",161,"RT @JohnKasich: There's no substitute for nat'l security experience in a Commander-in-Chief. Gov Kasich has 18 yrs of it. #GOPDebate https:…","Positive"
"162",162,"RT @NBCNews: The Lid: Can @JohnKasich handle the heat at tonight's #GOPDebate?https://t.co/1JJgdmguwP https://t.co/F3yVtHqmOL","Negative"
"163",163,"Kasich's heart is dropping a little low ? #GOPDebate","Negative"
"164",164,"Kasich has a good chance to secure the nomination tonight. #GOPDebate","Positive"
"165",165,"Kasich got a hair cut. #GOPDebate","Neutral"
"166",166,"RT @KyleKulinski: Without Anderson Cooper hosting how will I know which Pokemon is Kasich's favorite? #GOPDebate","Neutral"
"167",167,"RT @bpolitics: Here's a closer look at John Kasich's resume https://t.co/U9BjXk71zw #GOPDebate","Neutral"
"168",168,"@KrystalPistolKP maybe #Kasich will become more aggressive tonight  #GOPDebate","Neutral"
"169",169,"Is #Kasich going to be designated driver again tonight? #GOPDebate","Positive"
"170",170,"4 reasons Kasich wins the #GOP nomination https://t.co/PezQI7FyOT #GOPDebate","Positive"
"171",171,"RT @MDGallar: Rubio now denies lying to FL voters or supporting amnesty. We have photos of it Li'l Marco. #GOPdebate #FLprimary https://t.…","Negative"
"172",172,"RT @sueinphilly: This will be the last time we see Rubio at #GOPDebate Bye #inners","Negative"
"173",173,"@marcorubio just needs to be Marco Rubio in the debate tonight   be the person everyone knows. ##GOPDebate","Positive"
"174",174,"Just googled Rubio's Bio   if he doesn't win Florida   he will be gone for sure. #GOPDebate","Neutral"
"175",175,"RT @MDGallar: Rubio now denies lying to FL voters or supporting amnesty. We have photos of it Li'l Marco. #GOPdebate #FLprimary https://t.…","Negative"
"176",176,"RT @FiveThirtyEight: It hasn't done him much good   but Rubio has a clear lead in endorsements. https://t.co/4Xuserzcmv #GOPDebate","Positive"
"177",177,"RT @KyleKulinski: Anderson Cooper just said it's ""make or break   do or die"" for Marco Rubio tonight. No   that was like a month ago. Already…","Negative"
"178",178,"RT @tedbishop38pga: @CNN Marco Rubio only candidate who shook no one's hand. #GOPDebate","Negative"
"179",179,"Rubio I'm really sorry I made the Donald mad -- please forgive me   please   please   please #GOPDebate @marcorubio  https://t.co/XaBRkSKKki","Negative"
"180",180,"The crowd seems to be mildly pro-Rubio #GOPDebate","Positive"
"181",181,"business: RT BloombergTV: How MarcoRubio became Florida's not-so-favorite son https://t.co/fMEeEaWpdM #GOPdebate https://t.co/PmY6ZqmMze","Negative"
"182",182,"Rubio gets by far the loudest cheer here at the Univ of Miami. Not surprising considering this is his backyard. #GOPdebate","Positive"
"183",183,"RT @marcorubio: Get ready Hialeah: come rally w/ me tonight before the next #GOPDebate! Space is limited   RSVP now: https://t.co/FlA1DB4H3S…","Neutral"
"184",184,"RT @sierraclub: ICYMI: Newsweek -- ""South Florida Is Sinking. Where Is Marco Rubio?"" https://t.co/A2Nq2vRcWr | #GOPDebate | Answer: AWOL","Negative"
"185",185,"RT @LawlessPirate: Rubio is like   ""what am I even doing up here?"" #GOPDebate","Negative"
"186",186,"RT @guypbenson: Rubio crowd in South Florida. #GOPDebate","Positive"
"187",187,"RT @MDGallar: Rubio's campaign is so impulsive it's hard to describe   but I think this sums up his strategy. #GOPdebate #FLprimary https://…","Negative"
"188",188,"In tonight's #GOPDebate I look for the following. Rubio's desperate engagement of all three other candidates.... https://t.co/wzbiFqzOJg","Negative"
"189",189,"We're live today at the University of Miami. Next we talk w/ Rubio supporter @NinoskaPerezC on tonight's #GOPDebate https://t.co/Zkrz5LZnb8","Neutral"
"190",1,"RT @steph93065: These people are a joke. Donald Trump is the only authentic candidate ?? #Trump2016 #GOPDebate @CarmineZozzora","Positive"
"191",2,"Trump fans applaud their hero's ""tough talk"" but get offended when I do same on Twitter. Sad. #NeverTrump #GOPDebate","Negative"
"192",3,"RT @LucyStag: It's genuinely skin-crawling how Trump refuses to say that his supporters shouldn't be violent. #gopdebate","Negative"
"193",4,"RT @TheValuesVoter: @VOICEOFCHID Asking Trump a detailed question is like asking Stevie Wonder ""What color is this dress?"" #GOPDebate https…","Negative"
"194",5,"RT @KatiePavlich: Palestinian terrorists/Authority celebrated the murder of American Taylor Force in the streets  Trump wants to negotiate …","Negative"
"195",6,"RT @thehill: Trump: I use visas that are ""very bad"" for American workers https://t.co/p8wUCnEfm0 #GOPdebate https://t.co/IL2KSc0HVV","Negative"
"196",7,"Trump is campaigning for his sister for SCOTUS in his closing remarks. #GOPDebate","Neutral"
"197",8,"RT @dawngpsalm63: #CNNDebate #GOPDebate #Cruz #NAU #Florida #Ohio #Primary Watch VIP ?????????????? https://t.co/1JOlEbOl14","Neutral"
"198",9,"RT @USATODAY: Trump: We'll build factories here and make our own products. That's the way it should be done. #GOPDebate","Neutral"
"199",10,"RT @HEELZiggler: No matter what points Cruz makes  he just comes off as a hall monitor  who tells the teacher who was bad  while she was ou…","Negative"
"200",11,"RT @frogmorton: I'd be OK if Trump outlawed all hooting  and possibly all hollering. #GOPDebate","Neutral"
"201",12,"RT @mrctv: WATCH: Sen. Ted Cruz calls for ObamaCare repeal in closing statement. #TTT16 GOPDebate https://t.co/loCfR4Ssd4","Neutral"
"202",13,"RT @ChuckNellis: Ted Cruz had an AWESOME factual  policy based #GOPDebate! If you want our next Ronald Reagan LEADER I introduce you to @Te…","Positive"
"203",14,"RT @stephenfhayes: Trump on Middle East conflict: ""I was the Grand Marshal of the Israeii Day parade  down 5th Avenue."" #embarrassing #GOPd…","Negative"
"204",15,"RT @_Teufelshunde: Ted Cruz Is Now Auto Recall. Anytime I Hear Or See Him The Immediate Image Is: Sleazy Televangelist #GOPDebate https://t…","Negative"
"205",16,"Um..ummm  Attention: @AmbJohnBolton The most Presidential candidate on the #GOPDebate #NeverHillary @gop @nro #trump https://t.co/JVrxKHAuQe ","Positive"
"206",17,"RT @Veteran4Trump: Trump is the only candidate that remembers! Don't be fooled America. Trump is our last hope for Security #GOPDebate http…","Positive"
"207",18,"RT @guypbenson: ""I beat Hillary in many of the polls."" - Trump at #GOPDebate The polls: https://t.co/7sWHYOBtVv""","Neutral"
"208",19,"RT @JesseKellyDC: If you're watching this debate and think Trump is the best candidate on that stage then you need professional help. #GOPD…","Negative"
"209",20,"RT @My3Alexandra: #GOPDebate Everything Cruz wants to do on day one are impeachable offenses #Pleaseproceed","Negative"
"210",21,"RT @Ricky_Vaughn99: Okay  so even though @jaketapper tried to stump Trump he was much fairer and more respectable than @megynkelly. #GOPDeb…","Neutral"
"211",22,"RT @WesleyRickard: Kid Rock Singer Songwriter Endorses Donald J Trump for President #NC #FL #OH #MO #IL #DC #CA #GOP #FOX #GOPDebate https:…","Positive"
"212",23,"RT @lexi4prez: Cruz going on and on about less government being wonderful and great....until it's about abortion and gay marriage. #GOPDeba…","Negative"
"213",24,"RT @stephenfhayes: Trump  pressed for details on his ""waste  fraud & abuse"" Social Sec dodge  instead lists countries (to waste time)  talk…","Negative"
"214",25,"Love how Trump eventually takes talking points from other candidates.  #GOPDebate","Negative"
"215",26,"RT @BigHeadSports: I have to hand it to Trump. For a Democrat  he's not doing terrible at the #GOPDebate","Negative"
"216",27,"RT @JLQ4TRUMP: @CNNPolitics @TheresaMechele of course it's true #GOPDebate #CNNDebate #Trump is the only one who speaks the truth https://t…","Positive"
"217",28,"Great #GOPDebate? No circus of nastiness for ratings. Good questions and answers. #Trump for the first time said The Constitution. #TCOT","Negative"
"218",29,"RT @HavanaTed: With all due respect to Donald Trump  there is no bigger clown in America than @Reince. #GOPDebate","Negative"
"219",30,"RT @MTP: New NBC/WSJ Poll: Trump's favorability rating is among the lowest in the history of pres. candidates. https://t.co/D52C4YUzP4 #GOP…","Negative"
"220",31,"RT @imfabulous13: Disney workers endorsed Trump only because they think he is a cartoon character. #GOPDebate #CNNDebate https://t.co/mTkpt…","Negative"
"221",32,"RT @trendincontent: Cruz: I'm fine with contested convention https://t.co/khnKwgR6eA #GOPDebate https://t.co/uk8rajOn71","Neutral"
"222",33,"RT @FriendlyJMC: #Trump #GOPDebate The GOP has ONE candidate pulling in new voters that can beat Hillary: https://t.co/Qv34MVBI62","Positive"
"223",34,"FL OurPrinciplesPAC anti-Trump ads false-Trump followed law for workers-change the law as he said in #GOPDebate LIES he did NOT pay $1M fine","Positive"
"224",35,"RT @Wonkette: How many justices does Trump think are going to die? And which one is he going to have killed? Is it Roberts? We bet it's Rob…","Negative"
"225",36,"RT @CNNMoney: The truth behind Donald Trump's 'self funding' https://t.co/rZ3HD8G04b #GOPDebate https://t.co/0AMR28yc9I ","Negative"
"226",37,"Trump: ""It will take centuries to recover"" if a Democratic president appoints the next Supreme Court justices #GOPDebate","Neutral"
"227",38,"RT @ToddHagopian: Could someone PLEASE count how many times #Trump has said ""deal"" in the debate? This guy knows NOTHING about policy! #GO…","Negative"
"228",39,".@RealDonaldTrump #Trump2016 The #KingofLosers: #GOPDebate: Another Loser: Trump Payroll Chicago LLC","Negative"
"229",40,"RT @hooverwhalen: New to my @Forbes blog: #GOPDebate shows us that #Trump makes for ho-hum television . . .when he stops being #Trump. http…","Negative"
"230",41,"RT @laniar: CNN quotes Trump essentially inciting violence  he blames the protesters. Classy af. #GOPdebate","Negative"
"231",42,"Cruz attacked Obama for returning Churchill bust to UK when he took office. But it was loaned to Bush. https://t.co/NfNXsGBqtL #GOPDebate","Negative"
"232",43,"Things Donald Trump and Deng Xiaoping would agree on: #NAME? ""-Tiananmen Square was a """"riot."""""" #GOPDebate","Negative"
"233",44,"RT @cnnbrk: Trump: I haven't even started on Clinton yet. #GOPDebate https://t.co/yjvGhspqVi","Positive"
"234",45,"How long does Trump think people live? #GOPDebate #centuries","Negative"
"235",46,"RT @TeresaC85469500: #GOPDebate Only Trump has done deals risking his own assets on a World Stage! The rest use Our money without risk! #V…","Positive"
"236",47,"""Do you think it played to your advantage?"" Trump: Sure did  I fooled all those fuckers. #GOPDebate""","Negative"
"237",48,"RT @JoniBarth1: I am more than a little worried that the ""good deal ""Donald Trump wants from Cuba is a good hotel deal. #NotTrump #GOPDebate","Negative"
"238",49,"RT @ArthurSchwartz: Trump: ""The Republican party has a great chance to embrace . . . people that it's never known before. Yes  like Dona…","Neutral"
"239",50,"RT @Ryan__Hyman: Here's the problem: Trump WAS civil tonight. He still lacks substance & I worry when his regular  uncivil self will resurf…","Negative"
"240",51,"RT @MattWalshBlog: Trump is the ""outsider"" candidate who constantly points out how he's exploited the political system his whole life #GOPD…","Negative"
"241",52,"RT @AmandaPresto: Hahahahahah Trump: I'm the most pro-Israel on the stage bc I was in a parade once. #GOPdebate","Negative"
"242",53,"RT @snleanza95: Literally every Trump line: I know how to use the laws to my advantage  because I'm a con-man. #GOPDebate #tccus","Negative"
"243",54,"RT @DonaldTrumpLA: Donald J. Trump called for more respect for American law enforcement. #GOPDebate. He is good for USA https://t.co/cnGxU2…","Positive"
"244",55,"RT @Ricky_Vaughn99: TRUMP DOMINATES DRUDGE POLL AFTER MIAMI #GOPDebate https://t.co/uPmwMUwt8z","Positive"
"245",56,"RT @LindaSuhler: Aw  Ted. Your vindictiveness is NOT playing well tonight. #LyingTed Cruz. (And he gave us his website for $$$) #GOPDebate…","Negative"
"246",57,"RT @hectormorenco: Trump coalition is mostly working class Americans. Great to see new life  new ideas  and new voters in GOP. #GOPDebate","Positive"
"247",58,"RT @rumpfshaker: So  journalists aren't going to ask Trump about one of their own being assaulted? Lame. #GOPDebate #FireCorey","Negative"
"248",59,"RT @FrankLuntz: Trump's Muslim comments are winning over conservatives but not moderates.  #GOPDebate","Neutral"
"249",60,"RT @OrigIntent: Poor #Beck. His own poll shows #Trump won #GOPDebate. @LindaSuhler @Lrihendry @mjgranger1 @TrumpMyPres @slone https://t.co…","Positive"
"250",61,"RT @misterdish69: #GOPDebate #Dobbs Exactly  Cruz baited him  he showed class. Although he could have mentioned all the ideas were his http…","Negative"
"251",62,"RT @YourAnonNews: Trump celebrating police brutality  wild applause #GOPDebate","Negative"
"252",63,"RT @K1erry: Trump gives a good closing praising his supporters and how they love their country. Embrace these people! And unify #GOPDebate","Positive"
"253",64,"RT @pollreport: PRESIDENT Hillary Clinton (D) 51% Donald Trump (R) 38% (NBC/WSJ Poll","Neutral"
"254",65,"RT @nypost: Cruz: ""Donald  you are welcome to be president of the Smithsonian...."" #GOPDebate https://t.co/bi25U9Q46b","Neutral"
"255",66,"RT @ajplus: #GOPDebate: Trump says most Muslims hate America. @sbarakat210 says this kind of rhetoric provokes violence: https://t.co/w47…","Negative"
"256",67,"Me and arthur are rooting for you @realDonaldTrump @arthurallen34 #trump #election #GOPDebate","Positive"
"257",68,"RT @SteveVaughn: If you don't like Donald Trump's stand on an issue  wait about a half hour. It will change. #CNNDebate #GOPDebate","Negative"
"258",69,"Ted Cruz was a rabid dog tonight. Not exactly words that anyone would cross over to him for. His insults and lies were desperate. #GOPDebate","Negative"
"259",70,"RT @Shooters_Wife: .@glennbeck: Regarding Cuba: There is no principle that Donald Trump isn't willing to violate. #GOPDebate #CharacterMa…","Negative"
"260",71,"RT @BigHoner: Trump: we have to knock out ISIS  knock them out fast  then get back home and rebuild our country because it is falling apart…","Neutral"
"261",72,"RT @KLSouth: #Cruz's lies appear pathological. At #GOPdebate he said he didn't want a contested convention. Here's the truth. https://t.co/…","Negative"
"262",73,"RT @bi_politics: . @realDonaldTrump addresses his most recent controversy. #GOPDebate https://t.co/mRlVsmte7R https://t.co/E13xuQ6fPe","Negative"
"263",74,"RT @AdamSmith_USA: Cruz: ""My focus is on single moms."" *opposes reproductive rights* *opposes maternity care* *opposes raising the minimum…""","Negative"
"264",75,"RT @resurgent: Cruz: Common Core is a disaster #GOPDebate https://t.co/Mr9GAqFjEf","Neutral"
"265",76,"RT @JordanDoww: An important message from Donald Trump #GOPDebate https://t.co/JwOWXkwV0f","Neutral"
"266",77,"RT @CatholicDems: Yes  #Trump  the most effective way to combat hate is to perpetuate stereotypes & xenophobia #GOPDebate","Negative"
"267",78,"The Republican Debate In Miami: A Tame Trump Makes For Lame TV. https://t.co/hxmKh1eRpy #GOPDebate #Scandal https://t.co/pUIHc6D4S1","Neutral"
"268",79,"RT @MIAMIforTRUMP: Don't forget! ?????The Media lies!????? #MakeAmericaGreatAgain #Trump2016 #TrumpRally #TrumpTrain #TRUMP #GOPDebate http…","Positive"
"269",80,"RT @ACSpollen: Lol. Cruz just trolled Coulter  and it was beautiful. #GOPDebate","Positive"
"270",81,"RT @magnifier661: Wow! Look at how many Didn't want #LyingTed Cruz #GOPDebate  https://t.co/GBCw0JxKdq","Negative"
"271",82,"RT @ajenable: Trump was wrong about trade! You can't punish Americans by putting a 45% tariff on imports. #NeverTrump #GOPDebate","Negative"
"272",83,"RT @DefendingtheUSA: #GlennBeck must HATE seeing Trump EVEN WINNING his BLAZE poll. VOTE HERE -->https://t.co/vHZOusNhr1 #GOPDebate https:/…","Neutral"
"273",84,"RT @RadioFreeTom: Trump reassuring our allies that he'll be worse than Obama. #GOPDebate","Negative"
"274",85,"Vote now: Who won the twelfth Republican debate? #GOPDebate https://t.co/bVUkTeh31Y via @TIMEPolitics Trump won again see for yourself","Positive"
"275",86,"RT @larryelder: ""There's a lot of hatred."" #NAME? Terrorist Groups Intensify Targeting of Children for Jihad https://t.co/GqqGuu…","Neutral"
"276",87,"RT @MattMackowiak: Excellent closing statement from Cruz. #GOPDebate","Positive"
"277",88,"https://t.co/brVLp4doP2 VIDEO: After praising 'civility': We all know that Trump was faki... https://t.co/Q17J4tzQS4 https://t.co/brVLp4doP2","Negative"
"278",89,"RT @KenPlume: You can't shame a man with no shame  nor trap an illogical man with logic. You can't talk sane to crazy. Trump is bulletproof…","Negative"
"279",90,"Cruz with the slick burrrrrrrn  although why did he pull back from ""son of a billionaire""? #GOPDebate","Positive"
"280",91,"RT @FoxNews: Trump: ""We should pay our respects to the police because they are taking tremendous abuse... & they do a phenomenal job."" #GOP…","Neutral"
"281",92,"RT @WDFx2EU: HEY @BreitbartNews  go tell #RobertMercer to fuck himself  from yours truly and the rest of the millions of #Trump supporters …","Positive"
"282",93,"RT @Politics_PR: Wow Trump's social security plan is just clueless #GOPDebate https://t.co/60nUxMUvLy","Negative"
"283",94,"RT @larryelder: Trump's asked about ""tone"" that's caused violence. Dems aren't asked about their anti-cop rhetoric and anti-cop riots/looti…","Positive"
"284",95,"RT @FoxNews: Trump: ""I used to think Merkel was a great leader until she did what she did to Germany. Germany is a disaster right now."" #GO…","Neutral"
"285",96,"Trump will be good to American worker #GOPDebate #republican primary voters love reality #i rode a unicorn to fight a dragon","Negative"
"286",97,"RT @KLSouth: Palin: GOP Majority Voters in Primary are Wayyyyyy Beneath #Cruz  So Says Cruz. https://t.co/Psrma4i9b9 #GOPDebate #CNNDebate …","Negative"
"287",98,"RT @FrankLuntz: Donald Trump is having his best #GOPDebate of the season so far. He's answering questions directly","Positive"
"288",99,"RT @bstein80: Great Cruz point on Israel/Palestinians. Strong. #GOPDebate","Positive"
"289",100,"RT @Veteran4Trump: Donald Trump: If we don't have borders  if we don't have strength  we are not a country."" #GOPDebate #Trump2016 https://…","Positive"
"290",101,"RT @saraelvin: Your attempt to bash #TRUMP failed he wins no matter what! #GOPDebate #tcot #CCOT #AlwaysTrump https://t.co/4vWuQwXL7x","Positive"
"291",102,"Trump's closing argument is all general election  all day. #GOPDebate","Positive"
"292",103,"RT @DaystoTrump: 242 #DaysToTrump : Counting down to the election in November! #Trump2016 #Trump #GOPDebate #MakeAmericaGreatAgain https://…","Positive"
"293",104,"RT @FrankLuntz: An uncharacteristically subdued #GOPDebate audience tonight. Listen to that quiet after a Donald Trump response to Ted Cru…","Neutral"
"294",105,"RT @myfeetonfleek: Grammar Lesson for Donald Trump & the World: It is NEVER ""people that"" People are ""who"". Things/Places/Objects are ""that…","Negative"
"295",106,"RT @thehill: Trump: GOP establishment ""should embrace what's happening"" https://t.co/4Eq8DijzPa #GOPdebate https://t.co/34lwgiZW0N","Neutral"
"296",107,"RT @GeneralNikkiX: #GOPDebate: Damn Devils Like Donald Trump Play Super Dumb When They Want To .. While Touting How Smart They Are. https:…","Negative"
"297",108,"RT @BettyBowers: When Trump blows Putin a wet kiss and slams Obama  GOP audience goes wild. You know  because they love America and are pat…","Negative"
"298",109,"RT @mohammedzismail: Lord. Give. Me. Strength. A Trump supporter sucker punches a protester. Trump responds We have protesters who are b…","Negative"
"299",110,"RT @ConstitutionCop: Trump just told all of us he's perfectly fine allowing Social Security to bankrupt us. He said it  not me. Talk to him…","Negative"
"300",111,"RT @Ted_Newton: Most recently  CNN poll has Clinton defeating Trump 52-44. https://t.co/7majv50t6H #GOPDebate #NeverTrump","Neutral"
"301",112,"RT @FoxNews: .@krauthammer on Trump's #GOPDebate strategy: ""Be laid back  be presidential...stay in cruise mode  no pun intended"" https://t…","Neutral"
"302",113,"RT @PattonDivision: Scary Heidi #Cruz is an architect of the North American Union. Sachs exec. #GOPDebate #OhioPrimary #FLPrimary https://t…","Negative"
"303",114,"RT @DSMac27: C'mon  Bret - Trump said NOTHING of any meaning or content. #GOPDebate #KellyFile","Negative"
"304",115,"RT @OldRowOfficial: Trump has the only reasonable position on fighting radical Islam. #GOPDebate https://t.co/hSuig5YmY5","Positive"
"305",116,"RT @LeCombat: Trump ends by speaking about WE THE PEOPLE. Unify! #GOPDebate","Positive"
"306",117,"RT @LindaSuhler: Congratulation  friends. Tonight you met President Donald Trump. America wins. #GOPDebate #Trump2016","Positive"
"307",118,"RT @RepublicanVzlan: The crowd chanted ""Marco ! Marco"" as Ted Cruz tried to convince them to support him #teammarco #gopdebate","Negative"
"308",119,"RT @LindaSuhler: Trump supporters! Links to ALL the available POLLS. Speak up for our guy! #GOPDebate #Trump2016 https://t.co/fqRjpnFCsr","Positive"
"309",120,"RT @PolitiFact: .@tedcruz said at #gopdebate he never supported TPP. Mostly True.  (He liked the idea.) https://t.co/PQHMWxwNiB https://t.c…","Negative"
"310",121,"RT @factcheckdotorg: Trump incorrectly referred to Common Core as …education through Washington  D.C.…  https://t.co/KaO0sahJpu #GOPDebate","Negative"
"311",122,"RT @ddiamond: I love that Ted Cruz … who worked for George W Bush  Texas Gov Rick Perry  and is now a senator … dismisses ""career politicia…","Negative"
"312",123,"RT @Ricky_Vaughn99: NOW THEY ARE COPYING TRUMP ON THE VETERANS! #GOPDebate","Positive"
"313",124,".@RealDonaldTrump claims credit for sparking #GOP turnout https://t.co/P8ESaxNRgH #GOPDebate https://t.co/UeMig8G0rT","Neutral"
"314",125,"RT @Trump2016Donald: @realDonaldTrump You did great tonight! America needs you Trump! #gopdebate… https://t.co/EU2qzvlTJo","Positive"
"315",126,"RT @KLSouth: I really cannot stand listening to #Cruz's overrehearsed  melodramatic flourishes as he states what he will do …on day one.…  …","Negative"
"316",127,"RT @gs777gs777: #Trump #GOPDebate DT is right ! ISLAM are full of hate. They all read the same Koran  their bible  & this is it... https://…","Positive"
"317",128,"RT @CNNPolitics: Ted Cruz: ""Only two of us"" have a path to the nomination https://t.co/QxqBj67aXX #GOPDebate https://t.co/3VxU9gAFiI","Neutral"
"318",129,"RT @Lrihendry: There is no more qualified person than #Trump to fire the head of VA and other failing heads of organizations! #GOPDebate","Positive"
"319",130,"RT @Shooters_Wife: Trump's position on Israel  is the same kind he has when it comes to PlannedParenthood. #FenceSitter #GOPDebate #CNNDe…","Negative"
"320",131,"Debates do more harm than good when Trump's statements go unchecked. No time to check them all either. #GOPDebate https://t.co/A23DMO16l6","Negative"
"321",132,"RT @yobynnad1127: And again #Trump is the only one with balls to speak the truth about millions of Muslims hating America. #GOPDebate https…","Positive"
"322",133,"RT @CNNPolitics: Donald Trump: I intend to ""leave Social Security the way it is"" https://t.co/QxqBj67aXX #GOPDebate https://t.co/Gi5v0mH6OJ","Neutral"
"323",134,"RT @citrussage: VIDEO: After praising 'civility' of #GOPdebate  Trump turns NASTY again afterward!! https://t.co/fzVIcbFbFU","Negative"
"324",135,"RT @kathrynw5: Ted Cruz: ""This is a job interview."" #GOPDebate","Neutral"
"325",136,"RT @CNN: Donald Trump defends 'raise right hand… pledge #GOPDebate https://t.co/BsRx5B3JGO https://t.co/CAxvLcoraE","Neutral"
"326",137,"RT @JesseLehrich: Wait this is an actual quote from Trump praising the Chinese for the Tiananmen Square massacre. #GOPDebate https://t.co/R…","Negative"
"327",138,"RT @catblackfrazier: CRUZ: We don't need a president who's Neutral between the Palestinian terrorists and our friend and ally Israel #GOPDe…","Neutral"
"328",139,"RT @activist360: Trump says 1 thing at his fascist hate rallies & another at #GOPDebate. He's a narcissistic grifter  con man & glorified u…","Negative"
"329",140,"Donald Trump stands by controversial comments about Islam https://t.co/psVvU61hV5 #GOPDebate https://t.co/TCrSlLZqtW #business","Neutral"
"330",141,"RT @FoxNews: .@marcthiessen on Trump in #GOPDebate: ""You might even say he was 'low energy ' but he didn't have to be high-energy...he's th…","Positive"
"331",142,"RT @SoCal4Trump: Trump brought his A-Game tonight. Loving the debate so far! GO TRUMP!!! America needs you! #GOPDebate #AlwaysTrump https:/…","Positive"
"332",143,"RT @HahnAmerica: Donald Trump is at war with anyone who doesn't think like he does. That's a bad sign folks. #GOPDebate #NeverTrump","Negative"
"333",144,"RT @VOICEOFCHID: Trump is only comfortable in the gutter. Policy ain't his thing. He knows nothing! #GOPDebate","Negative"
"334",145,"RT @nypost: Donald Trump: ""Trade deals are absolutely killing our country..."" #GOPDebate https://t.co/11jwIAr5BP","Neutral"
"335",146,"RT @RepublicanVzlan: Marco super presidential answer on foreign policy radical islam / trump rambling words  no plan no policy just hateful…","Negative"
"336",147,"RT @meetthepress: ""Boy  what a great night for Donald Trump."" @chucktodd on Thursday's #GOPdebate. https://t.co/tiVqFi4G4B #MTPDaily https:…","Neutral"
"337",148,"@brownieman19 can you add Ted Cruz to your list! #GOPDebate","Neutral"
"338",149,"RT @ChgocadChic: #GOPDebate Ted Cruz: We are here pledging our support to you  the American People to Preserve  Protect & Defend the Consti…","Neutral"
"339",150,"RT @ConNewsNow: Sorry Ted Cruz  but no Marine would follow the orders of a Canadian usurper #tcot #GopDebate #CruzCrew","Negative"
"340",151,"RT @sierraclub: Sierra Club is against Donald Trump's hateful rhetoric about muslims and immigration to the USA & we call on others to join…","Negative"
"341",152,"RT @_HankRearden: Trump rightly doubles down on 'Islam hates us.' Because Islam does hate us. #GOPDebate","Positive"
"342",153,"Using an earlier German political model as a template for action #trump #GOPDebate  https://t.co/xLN69p6SMI","Negative"
"343",154,"RT @cnni: Trump: I wasn't endorsing China's massacre of students at Tiananmen riot https://t.co/uJ71xPwhJx https://t.co/4pm9SkLHUU #GOPDe…","Neutral"
"344",155,"RT @MattWalshBlog: Trump promising to use taxes to make people ""behave."" But remember he's not a fascist. That's silly. #GOPDebate","Negative"
"345",156,"RT @NYC4TRUMP2016: Trump lead growing!!!! #GOPDebate #Trump2016 #MakeAmericaGreatAgain #TrumpTrain","Positive"
"346",157,"RT @KenShepherd: ""I find Cruz hard to listen to..."" Do you ever listen to YOUR own voice  @hardball_Chris?! #GOPDebate #TTT16 https://t.co/…","Positive"
"347",158,"RT @jiadarola: CNN just let Donald Trump get away with the insane lie that protesters at his rally are violent. Unconscionable. #GOPDebate","Negative"
"348",159,"#GOPDebate Cruz conceited  arrogant jerk.","Negative"
"349",160,"RT @Will_Antonin: Trump  whining: ""We're working on a different set of rules than the terrorists"" Me: Yes  you moron. It's called being Am…","Negative"
"350",161,"#GOPDebate  Trump's pleasant demeanor when not crossed in debate highlights Jekyll/Hyde traits  lack of stability necessary for POTUS.","Negative"
"351",162,"RT @immigrant4trump: Trump WON Debate! even at the Blaze! (Glenn Beck's own poll) https://t.co/x3SHoYRDia #GOPDebate #Trump2016 https://t.…""","Positive"
"352",163,"RT @lsarsour: Tune in tomorrow morning to @democracynow  I'll be on. Talking elections  #MuslimVote  Trump hate..... #GOPDebate","Negative"
"353",164,"Fact Check: Donald Trump is no ally to Israel #GOPDebate https://t.co/4jADGtG5Of","Neutral"
"354",165,"Cruz made a joke...it was funny. #GOPDebate","Positive"
"355",166,"RT @KristinaWebb: Hey Cruz  what about a son of a son of a sailor? Can he stand up there  too? #GOPdebate","Neutral"
"356",167,"RT @_HankRearden: Trump just told the truth about Islam  and that's a big reason he has my vote. #GOPDebate","Positive"
"357",168,"#CNN is running out of substantive #GOPDebate questions. I've seen more violence at a baseball game than at a #Trump rally. Give me a break.","Positive"
"358",169,"RT @AnnTelnaes: Trump: ""There's great love for this country"" #GOPDebate https://t.co/1xmNnTGULr","Neutral"
"359",170,"RT @peddoc63: Debates talking about policies show Trump's deficiencies. I'm thinking he'd rather go back to mudslinging? #GOPDebate #CNNDeb…","Negative"
"360",171,"RT @OrigIntent: The #GOPDebate was #Trump's to lose & he didn't. It's a WIN for #Trump2016. @Lrihendry @LindaSuhler @TrumpMyPres @ColorMeR…","Positive"
"361",172,"RT @voxdotcom: Donald Trump isn't rich because he's a great investor. He's rich because his dad was rich. https://t.co/m3bm9olFNz #GOPDebate","Negative"
"362",173,"RT @bendykoval: ""Government is the problem"" Oh  Cruz. Is that why you're running for a government position instead of a revolution? #GOPDeb…","Negative"
"363",174,"RT @Reuters: Trump's Islam comments draw fire from rivals  but civility reigns at #GOPDebate: https://t.co/SO7KuKmKfx https://t.co/gpNGanQM…","Neutral"
"364",175,"#GOPDebate #CNNDebate #NeverTrump These are wonderful people. ~ Trump on the x-factor HALF of his base:: https://t.co/echn0IcQwC","Negative"
"365",176,"RT @NaturallyTEE: Cruz just sounds like he should be the pastor of a mega church #AlwaysLying  #GOPDebate","Negative"
"366",177,"RT @AdamSmith_USA: Cruz: ""DC isn't listening to the people."" #GOPDebate *majority of Americans support marriage equality and gun reform* …","Negative"
"367",178,"RT @SpreadButter: I'm voting trump because he is better than anything @gop has offered us in 16 years @realDonaldTrump @FoxNews #GOPDebate …","Positive"
"368",179,"RT @KLSouth: RT @TBradleyNC: Oh my. Ted Cruz would consider Jeb Bush as VP. #speechless #GOPDebate","Neutral"
"369",180,"RT @activist360: Trump doubles down on his vile bigotry of Muslims  proving again  today's GOP is not a political party  it's a hate group.…","Negative"
"370",181,"RT @dcexaminer: On Twitter  Hillary Clinton slams Donald Trump for not condemning rally violence https://t.co/0ljpOWP1vi #GOPDebate https:/…","Negative"
"371",182,"RT @markmobility: While Trump says Muslims hate America  @IslamicRelief has been providing aid in the #FlintWaterCrisis #GOPDebate https://…","Negative"
"372",183,"RT @SteveRattner: Clinton crushes Trump in head to head matchups. #GOPDebate https://t.co/6EGqbBlFOf","Neutral"
"373",184,"RT @AuditTheMedia: Shorter Trump: The Best Deals or No Deals #GOPDebate https://t.co/RJ7pje5DBO","Neutral"
"374",185,"RT @ToppHogg: Mr. Muddybelly is not a candidate at #GOPDebate  but he'd give #trump a run for his #money.  https://t.co/XAnFDIQVif https://…","Negative"
"375",186,"RT @BradThor: Donald Trump's debate answers are about as insightful as his Tweets. #GOPDebate","Negative"
"376",187,"#CNN commentator raises question  will #Trump still have his supporters if isn't as provocative after #civil and tame #GOPDebate","Neutral"
"377",188,"TRUMP knows that if he does not get voted POTUS the country cannot recove #GOPDEBATE","Positive"
"378",189,"RT @LauraWalkerKC: Trump asked about how he will actually cut Social Security  he starts talking about how we are the policeman of the worl…","Negative"
"379",190,"RT @EmilyMiller: Last words from Trump to Florida voters: ""Be smart and unify."" #GOPDebate""","Neutral"
"380",191,"RT @foxnewspolitics: Trump triumphs at #GOPdebate. Rivals and moderators can't lay a glove on front-runner | Via @julieroginsky |  https://…","Positive"
"381",192,"RT @srjones66: Donald Trump Humiliates Himself By Getting Common Core Wrong At Republican Debate via @politicususa https://t.co/9AlpSNGYNv …","Negative"
"382",193,"RT @jenniferweiner: Cruz: Shouty shouty shout. Stand with cops. Abolish IRS. No third term for a failed adminstration. #GOPDebate","Negative"
"383",194,"RT @TeamMarcoWestPA: Ted Cruz starts inviting other candidates' supporters to join his team. The crowd starts chanting ""MAR-CO! MAR-CO! MAR…","Negative"
"384",195,"RT @TomRtweets: Excellent answer by Rubio. Finest so far. #GOPDebate","Positive"
"385",196,"RT @cabot_phillips: .@marcorubio dominated the #GOPDebate in his hometown: https://t.co/nPUlJ9RXYx https://t.co/2wt4MW8051","Neutral"
"386",197,"RT @KennyCunningham: ""Too little  too late for Rubio? Maybe not"" read my thoughts on #GOPDebate & how it impacts the race: https://t.co/Lbp…","Neutral"
"387",198,"RT @ZaidJilani: What will actually happen to South Florida after Rubio moves his family to DC and becomes a lobbyist #GOPDebate https://t.c…","Negative"
"388",199,"RT @JohnKasich: ""A strong America is what the entire world is begging for..."" John Kasich will make it happen. #GOPDebate https://t.co/lSg…","Positive"
"389",200,"RT @TheDailyEdge: ICYMI: Kasich's 2 biggest accomplishments (balanced budget in '90s  better healthcare in Ohio) thanks entirely to Clinton…","Negative"
"390",201,"RT @TheDailyEdge: Kasich: ""We did great things in DC when Clinton was President. And thanks to Obama's auto bailout  Ohio is booming"" #CNND…","Neutral"
"391",202,"Kasich sounding good #gopdebate","Positive"
"392",203,"RT @KLSouth: Pro-Amnesty #Kasich's big cities are sanctuary cities. And he likes Common Core. #GOPDebate #Ohio #OhioPrimary","Neutral"
"393",204,"RT @worldnetdaily: John Kasich: We don't want to ""lock the doors"" on international trade #GOPDebate","Neutral"
"394",205,"RT @ashishphappd: Kasich benefitted from the other 3 attacking each other constantly. Without that dynamic  he has lost his gimmick. #GOPDe…","Negative"
